Time On Sample,Displacement Into Surface,Load On Sample,Harmonic Contact Stiffness,Harmonic Displacement,Harmonic Load
0,0,0,241.1083467,0.305380567,2.282506671
0.1,0.230871778,0.000361424,947.2736769,0.257025018,2.310833744
0.2,-0.129864781,0.000767683,2120.871418,0.215203993,2.342429262
0.3,0.185759876,0.001122685,3968.066715,0.178610605,2.394725397
0.4,0.019456393,0.001514208,7882.778608,0.14419539,2.462274499
0.5,0.111566103,0.001886149,10863.4506,0.132433229,2.506944092
0.6,0.431345319,0.002240835,15036.23091,0.123284884,2.572314259
0.7,0.255070906,0.002633115,16968.42718,0.120235433,2.615894316
0.8,0.237500418,0.003013367,18267.64746,0.119799797,2.677995931
0.9,0.096955162,0.003402939,18781.84467,0.12241361,2.72048649
1,0.065259194,0.003784262,18521.45548,0.130255051,2.764066567
1.1,0.01029773,0.004167348,18164.07216,0.141145941,2.82289967
1.2,0.26858956,0.004526694,18342.72542,0.148987385,2.931849905
1.3,0.290071871,0.004903987,18865.38267,0.153779377,3.060411145
1.4,0.392983422,0.005275108,19209.20804,0.159007006,3.188972407
1.5,0.667893473,0.005633195,19973.69365,0.163799001,3.370919285
1.6,0.561415547,0.006020185,20773.31787,0.163799,3.494033003
1.69,0.601356211,0.006358187,21980.21456,0.162492094,3.679248351
1.8,0.625983976,0.006772322,22766.82243,0.161620823,3.811078101
1.9,0.42312054,0.007165851,24921.14997,0.155086286,4.008277939
2,0.472023024,0.0075403,27167.33359,0.147244845,4.145555201
2.1,0.664673046,0.007903856,29598.42907,0.139403406,4.282832496
2.2,0.437713202,0.008299211,31475.52257,0.134611412,4.432094239
2.3,0.806516279,0.008649416,35024.99489,0.128948152,4.815599023
2.4,0.584541896,0.009044393,37570.49856,0.125027429,5.049841925
2.5,0.799626508,0.009406248,39497.87212,0.122849253,5.281905909
2.6,0.326717117,0.009820242,42028.44118,0.123284885,5.620740913
2.7,0.567559955,0.010180145,44301.39173,0.123284887,5.851715422
2.8,0.600675137,0.01055579,48079.67613,0.122849252,6.190550565
2.9,0.662872192,0.010929232,49870.85071,0.123284888,6.407361508
3,0.346173999,0.011331388,50720.70977,0.125898699,6.635067319
3.1,0.711653433,0.011681845,50561.08013,0.133304508,6.951023033
3.2,0.72316494,0.012059127,51006.08998,0.138532136,7.199429506
3.3,0.919969521,0.012422367,52375.39512,0.145937944,7.660288937
3.4,0.579174913,0.012826348,52535.00461,0.158571375,8.229008895
3.5,0.766008565,0.013190344,52679.26882,0.166412819,8.607066178
3.6,0.553174198,0.013584628,52232.04901,0.179481885,9.168159642
3.7,0.848857144,0.013940375,51993.47734,0.187758967,9.54076948
3.8,0.882803239,0.014315956,51431.36396,0.200828037,10.09532605
3.9,0.648365193,0.014711877,50118.37888,0.213461468,10.45377211
4,0.671509448,0.015088278,48327.40794,0.232629437,10.98653863
4.1,0.683851865,0.015465497,47488.78901,0.244827235,11.36241684
4.2,0.583190434,0.01585128,47102.10005,0.255718125,11.77206956
4.3,0.861424259,0.016208349,47429.93396,0.271401014,12.61970233
4.4,0.601227983,0.016606222,47493.64286,0.281420629,13.14484216
4.5,0.585319437,0.016985582,47483.76588,0.291004613,13.63620758
4.6,0.889311494,0.017340699,47784.45751,0.30407369,14.40430674
4.7,0.941537623,0.017714895,47533.36373,0.315835853,14.91419375
4.8,0.902363579,0.018096017,47249.06697,0.328469288,15.41863318
4.9,0.997797063,0.018466939,46977.26083,0.346765987,16.18346371
5,0.723475302,0.018865882,46841.85506,0.358528144,16.67918694
5.1,0.739141362,0.019242849,46542.97331,0.372468485,17.19670044
5.2,0.871134915,0.019611,45716.94166,0.391200822,17.72510906
5.3,0.598474977,0.020009818,44821.21116,0.420824039,18.63593254
5.4,0.768690418,0.020375072,44258.35571,0.438685106,19.14146165
5.5,0.635623471,0.020763311,43044.04607,0.470486505,19.9052025
5.6,0.511696541,0.021150857,41984.66624,0.494446462,20.37041973
5.7,0.581371793,0.021523731,40949.22742,0.519713333,20.85742724
5.8,0.222297154,0.021929098,39164.88412,0.562405613,21.56669271
5.9,0.355121612,0.022297187,37964.82018,0.592464478,22.01012019
6,0.49874791,0.022664457,36774.29638,0.623830251,22.43611564
6.1,0.593350482,0.023035442,35156.2707,0.669572,23.0135519
6.2,0.004113598,0.023458251,33904.98617,0.707472272,23.44826248
6.3,0.484258701,0.023800019,32769.17305,0.745808234,23.90258548
6.4,0.426804623,0.024182528,31183.67019,0.800698324,24.44951533
6.5,0.484016215,0.024556347,30075.91152,0.839905536,24.76547109
6.6,0.566986038,0.024928213,29032.43973,0.880419657,25.08905326
6.7,0.629183094,0.025301654,27650.03067,0.940101747,25.56080782
6.8,0.550125339,0.025685799,26860.40868,0.977566409,25.85497319
6.9,0.6671625,0.026055084,26151.09661,1.013724177,26.13933344
7,0.244938647,0.026465236,25215.50854,1.066436061,26.57731278
7.1,0.587152591,0.026817456,24677.29265,1.099108761,26.85949422
7.2,0.660151487,0.027190078,24039.11472,1.139187249,27.18089737
7.3,0.831197842,0.027555269,23594.21921,1.16968176,27.4347517
7.4,0.627503486,0.02794886,23226.39903,1.197562426,27.68533683
7.5,0.896597301,0.02830662,22955.52294,1.22065114,27.92284879
7.6,0.658835606,0.028702792,22572.33979,1.255066337,28.29218957
7.7,0.901340281,0.029062568,22266.05549,1.279897593,28.51771688
7.8,0.697645923,0.029456158,21985.20735,1.303421901,28.73779601
7.9,0.886141404,0.029820027,21700.28338,1.32651061,28.93390671
8,0.407415617,0.03023446,21182.13594,1.366589046,29.21172903
8.1,1.194997697,0.030552928,20830.73133,1.394469807,29.37733449
8.2,0.569200711,0.030978507,20500.79916,1.422786064,29.55928044
8.3,1.042698555,0.031320776,20197.87955,1.448924253,29.72270647
8.4,0.30888319,0.031754541,19966.63455,1.46983469,29.87196723
8.5,1.217778229,0.032063815,19727.27711,1.490745298,30.00052981
8.6,1.374699111,0.032430075,19481.27522,1.51557655,30.2184304
8.7,1.306443191,0.0328134,19448.15431,1.524724893,30.38185572
8.8,0.897513885,0.033222544,19470.55933,1.530823749,30.54201189
8.9,1.533870244,0.03355247,19514.8832,1.536487083,30.71306472
9,1.294446716,0.033948767,19799.76247,1.531695066,31.01158785
9.1,1.846050198,0.034285116,20083.58944,1.522546777,31.22404173
9.2,1.388097144,0.034697973,20510.03027,1.506428208,31.497506
9.3,1.801769446,0.035044775,21050.76797,1.483775197,31.78622477
9.4,1.453496608,0.03544932,21635.03366,1.459815199,32.06404726
9.5,1.809836071,0.035800467,22403.7678,1.428449466,32.37564539
9.6,1.549639769,0.036198337,23630.02233,1.382707693,32.85066808
9.7,1.76638623,0.036560062,24500.61039,1.352213216,33.18950343
9.8,1.77872865,0.036937278,25355.92719,1.323461262,33.51962269
9.9,1.484465008,0.03733773,26859.02866,1.274670037,34.0621943
10,1.052270195,0.037748636,27820.09215,1.247224952,34.43153484
10.1,1.657882869,0.038080892,28732.08324,1.223265042,34.80087703
10.2,0.746252575,0.038528132,29615.59379,1.203225724,35.1985437
10.3,1.066031951,0.03888205,30137.87813,1.196255581,35.55481158
10.4,0.642146256,0.039292327,30364.94109,1.197998088,35.85115538
10.5,0.678585084,0.039667718,30095.61406,1.219779876,36.21178071
10.6,0.25719213,0.040077807,29561.2536,1.24591798,36.40244277
10.7,1.691222761,0.040347283,28754.85939,1.282511506,36.54843859
10.8,0.54776838,0.040812091,27180.5094,1.356133831,36.70205642
10.9,1.72587853,0.041100961,25899.98592,1.419301122,36.73365409
11,1.798877435,0.04147358,24709.48356,1.482468308,36.74128072
11.1,1.826176249,0.041849662,23121.93122,1.574823081,36.72602775
11.2,1.859291439,0.042225303,22303.80798,1.626663736,36.7129539
11.3,2.002086849,0.042592632,21777.02905,1.662385882,36.71949119
11.4,1.878990815,0.042980112,21347.39258,1.693316004,36.74345992
11.5,2.125650073,0.043339569,21137.39425,1.710305828,36.8022936
11.6,1.744971702,0.043746569,21322.03435,1.704206883,36.97770263
11.7,2.253367852,0.044086191,21873.43552,1.674148081,37.1890672
11.8,2.174310087,0.044470332,22600.80668,1.635376493,37.43311534
11.9,2.280545427,0.044840431,23715.53065,1.577872591,37.76214543
12,1.96384718,0.045242582,25741.20832,1.484210878,38.31234327
12.1,2.257868355,0.04559845,27216.54674,1.424528816,38.70565417
12.2,1.647027699,0.046022892,28824.56947,1.366589207,39.12837993
12.3,2.173703884,0.046361129,30455.83422,1.313441701,39.56091325
12.4,1.645954306,0.046779274,31833.49314,1.272927532,39.94332753
12.5,2.132746775,0.047120534,33618.30631,1.22675019,40.49679554
12.6,1.83765221,0.047521048,34493.86025,1.207146559,40.82691425
12.7,2.134166116,0.047876727,35125.79161,1.195820056,41.15267595
12.8,1.779245975,0.048281774,35552.38437,1.190592398,41.46427284
12.9,1.940321423,0.048647718,35721.65183,1.195820041,41.85758354
13,1.975098435,0.049023232,35679.05657,1.204097124,42.12451155
13.1,2.289892382,0.049377526,35675.43701,1.210631687,42.37836629
13.2,2.035512441,0.049774953,35706.50092,1.217166202,42.67797896
13.3,2.332026353,0.050130632,35693.92638,1.225443307,42.98630856
13.4,2.292852305,0.05051175,35606.09533,1.238948013,43.37090287
13.5,1.96036675,0.050915097,35577.43471,1.246789427,43.62148765
13.6,2.163818651,0.051277829,35496.42575,1.256373432,43.86335761
13.7,2.27753219,0.051647361,35324.36466,1.272927601,44.21962503
13.8,1.889375612,0.052054926,35217.45015,1.28381846,44.44841972
13.9,2.292246104,0.052402545,35105.34307,1.29470939,44.67176853
14,2.130097259,0.052792983,34936.38089,1.31169917,45.00515591
14.1,2.365123774,0.053153321,34818.62649,1.323461357,45.23068341
14.2,2.037623681,0.05355629,34754.83536,1.333480949,45.45838862
14.3,2.518599794,0.053897989,34706.45856,1.343936253,45.72204927
14.4,1.979217445,0.054317015,34674.93488,1.352648917,45.95847009
14.5,2.577351982,0.054649835,34698.13728,1.362668598,46.30166454
14.6,1.97648163,0.05507731,34733.83449,1.368331805,46.52719023
14.7,2.565892206,0.055407002,34791.40876,1.373123856,46.766882
14.8,2.074702981,0.055820481,34785.5412,1.38227216,47.08719469
14.9,2.467186795,0.05617078,34758.47875,1.389678007,47.31272243
15,2.148826716,0.056573056,34734.37374,1.396648148,47.5229957
15.1,2.292867898,0.056944078,34641.69916,1.408845964,47.83241473
15.2,2.255771127,0.057325039,34575.97017,1.414509226,47.9468123
15.3,2.243186225,0.057704142,34467.88694,1.428013933,48.29218455
15.4,1.894083053,0.058104959,34426.67719,1.43498407,48.49483109
15.5,2.522961291,0.058435449,34323.50326,1.445439392,48.73234414
15.6,2.047143613,0.058849657,34232.21962,1.455458967,48.96767553
15.7,2.355290282,0.059204454,34156.35935,1.463736079,49.15398109
15.8,2.159074091,0.059597473,34137.83606,1.472448774,49.42199822
15.9,2.127793696,0.059977993,34154.97063,1.477240765,49.6137506
16,2.279313678,0.060344659,34137.57486,1.48464659,49.85562039
16.1,2.601585837,0.060698385,34135.69205,1.491181161,50.08441666
16.2,2.095024454,0.061114923,34163.62526,1.49510183,50.27398899
16.3,2.6391498,0.061451836,34199.68956,1.500329518,50.53220215
16.4,2.286306916,0.061856724,34204.63441,1.504685839,50.70761132
16.5,2.54750713,0.062215078,34280.70906,1.509042225,51.00068802
16.6,2.243272529,0.062616282,34275.47477,1.514269822,51.18045516
16.7,2.393546147,0.062983043,34289.77001,1.519061833,51.37220796
16.8,2.407134936,0.063360162,34260.22065,1.525160736,51.5574234
16.9,2.785909037,0.063709605,34211.47617,1.534744764,51.82762089
17,2.352467798,0.064120601,34192.02706,1.540407983,51.99540326
17.1,2.591648877,0.064480623,34199.99819,1.545200003,52.17626116
17.2,2.314834332,0.064879749,34189.73353,1.55173451,52.36910239
17.3,2.735984884,0.065225981,34189.22264,1.55870473,52.5619453
17.4,2.783225563,0.065600549,34135.78383,1.566981815,52.72428145
17.5,3.034039403,0.065959688,34013.07629,1.580486553,52.94545092
17.6,2.586888126,0.066371723,33964.55194,1.587456676,53.08272711
17.7,3.146800803,0.066707438,33903.84233,1.597911999,53.3038976
17.8,2.459516289,0.067137671,33944.24117,1.601397008,53.45751569
17.9,2.997825279,0.067475023,34058.21059,1.601832706,53.62203185
18,3.109877008,0.067844679,34311.06805,1.598783269,53.87806531
18.1,3.007553732,0.06823058,34546.96811,1.593991266,54.06436976
18.2,2.970041504,0.06861157,34853.01577,1.58702109,54.28989688
18.3,3.0796005,0.068981414,35214.13133,1.577437117,54.52305058
18.4,2.778689528,0.069382366,35716.08251,1.562189833,54.76165075
18.5,3.437480613,0.069710587,36623.71395,1.535180488,55.16585785
18.6,2.879818175,0.070130995,37248.33408,1.516883727,55.43387407
18.7,3.292659641,0.070477855,37965.79462,1.495973255,55.7204142
18.8,3.042434227,0.070874965,38994.13195,1.46809254,56.15948307
18.9,3.527564946,0.071216346,39614.80861,1.452409704,56.44711284
19,3.357106974,0.07160741,40211.35318,1.438033705,56.73474107
19.1,3.409333122,0.071981599,40918.19597,1.423657732,57.15637865
19.2,3.211455092,0.072374741,41212.89378,1.417994448,57.33723555
19.3,3.527079993,0.072728968,41745.12209,1.411459944,57.79918536
19.4,3.217859901,0.073130548,41909.13392,1.412331186,58.05303864
19.5,3.385582663,0.073495983,42018.05766,1.417558833,58.40821667
19.6,3.05392798,0.073899264,42016.35116,1.423222064,58.62502695
19.7,3.440180305,0.074248138,41919.63946,1.432370457,58.8538233
19.8,3.09772378,0.074652237,41845.87577,1.440647506,59.08261807
19.9,3.394237729,0.075007913,41724.71376,1.452845336,59.39094792
20,3.154814153,0.075404203,41624.94268,1.461993664,59.6066689
20.1,3.562670166,0.07575144,41593.25737,1.468528241,59.81476486
20.2,3.184484468,0.076158247,41543.23265,1.476369652,60.04246983
20.3,3.536669451,0.076509703,41535.96666,1.483339857,60.29523542
20.4,3.534055481,0.076888046,41564.00263,1.490745673,60.62535463
20.5,3.712580089,0.077252662,41634.40332,1.493795134,60.84652406
20.6,3.095092049,0.077677604,41686.19596,1.497280166,61.06333331
20.7,3.723970366,0.078008091,41887.68024,1.498587135,61.41088644
20.8,3.660699898,0.078391031,42012.73508,1.499458405,61.62442873
20.9,3.662240482,0.078769059,42164.02599,1.499894038,61.86520877
21,3.439435119,0.07916409,42430.56798,1.499458379,62.2323704
21.1,3.759214584,0.079518001,42646.20828,1.497280237,62.45789838
21.2,3.312894184,0.079929971,42936.13954,1.493795109,62.74443615
21.3,3.532133426,0.080291501,43278.13783,1.489003133,63.04949749
21.4,3.382448224,0.080680991,43691.06115,1.483775493,63.43191236
21.5,3.786980604,0.081028479,43982.64629,1.479854811,63.6955732
21.6,3.275849152,0.08144536,44278.81324,1.476369674,63.97448423
21.7,3.647975844,0.081796306,44572.81239,1.475498441,64.36016923
21.8,3.377808104,0.082197778,44762.96509,1.47506278,64.61184345
21.9,3.484873622,0.08257254,44964.47791,1.474191519,64.86569785
22,3.488074962,0.082957144,45175.76714,1.475498431,65.24375519
22.1,4.156835684,0.083293074,45196.333,1.479854858,65.47473183
22.2,4.09023993,0.083686582,45189.29151,1.485953754,65.73839121
22.3,4.208106108,0.084067997,45224.517,1.490745759,66.01730422
22.4,3.955385678,0.084479526,45303.15446,1.49335955,66.25917296
22.5,4.393982864,0.084840566,45404.39353,1.498151591,66.62197868
22.6,3.829670195,0.085279666,45507.06021,1.500329713,66.87583092
22.7,4.248324884,0.085646175,45609.08332,1.502072299,67.11661233
22.8,3.877613834,0.086074598,45754.4485,1.502507898,67.37700214
22.9,4.451648238,0.086433355,45947.98707,1.503814867,67.74961389
23,4.073458366,0.086866234,46153.08002,1.502507922,68.00237726
23.1,4.38824791,0.087248674,46370.68026,1.500765412,68.25732188
23.2,4.149650434,0.087675034,46630.17991,1.498587211,68.54494974
23.3,4.460284786,0.088061813,46820.65174,1.499022879,68.84783246
23.4,4.119484608,0.088500024,46966.91796,1.50250793,69.2269782
23.5,4.291356162,0.0889015,47047.01001,1.505121764,69.47211673
23.6,4.002902714,0.089339914,47162.79925,1.509042457,69.84363614
23.7,4.250386493,0.089739886,47270.8258,1.510785028,70.08877506
23.8,4.247765752,0.090160827,47321.7124,1.514270115,70.32410763
23.9,4.559229039,0.090559994,47499.38896,1.516448329,70.69780793
24,4.555776734,0.090985104,47615.57665,1.517755237,70.94185665
24.1,4.77085369,0.091395743,47745.7621,1.518626533,71.18699517
24.2,4.524774701,0.091843473,47873.51093,1.519933415,71.45937021
24.3,4.95173329,0.092242297,48072.97149,1.519497826,71.76443232
24.4,4.22954161,0.092730451,48337.31257,1.518626478,72.16427715
24.5,4.74789969,0.093126817,48558.66028,1.516883991,72.44646014
24.6,4.548350347,0.093579638,48775.20295,1.515141428,72.70031364
24.7,4.569822962,0.094018015,49032.99574,1.515141431,73.09798185
24.8,4.604589812,0.094457539,49234.45352,1.514270164,73.36382082
24.9,4.802214873,0.094886899,49424.30848,1.513834551,73.62639144
25,4.591031361,0.09534949,49631.15278,1.515141437,74.00444834
25.1,4.735477409,0.095787336,49799.89092,1.515577089,74.27791373
25.2,4.470283971,0.096258501,50065.09414,1.513834518,74.57752619
25.3,4.619714752,0.096700569,50329.89088,1.512963264,74.90219832
25.4,4.723445078,0.097148315,50566.99771,1.512092004,75.17893226
25.5,4.893647932,0.097593255,50882.99653,1.512092024,75.59621235
25.6,4.162311967,0.098108907,51044.90891,1.512963218,75.86422745
25.7,4.997242878,0.098508143,51307.66373,1.513398944,76.26189869
25.8,4.513517661,0.099009571,51526.75469,1.512527622,76.53863082
25.9,4.850732149,0.09945115,51693.71271,1.512963295,76.80773893
26,4.631235893,0.099937222,51978.68305,1.513398908,77.22174929
26.1,4.755736419,0.100399598,52158.6441,1.513834559,77.49085676
26.2,4.590248623,0.100886332,52321.77593,1.51514145,77.78829025
26.3,4.949896222,0.101335585,52496.34771,1.516448397,78.11296352
26.4,4.543443477,0.101845317,52714.08296,1.515577083,78.39841161
26.5,4.978703216,0.102293636,53054.13199,1.514270223,78.85382519
26.6,4.40440568,0.102820913,53309.16092,1.512527619,79.14580986
26.7,4.836340986,0.103274424,53580.39917,1.510349487,79.44106638
26.8,4.458968592,0.103791619,53930.75432,1.50904254,79.88340321
26.9,4.971501504,0.104243839,54210.8188,1.506864417,80.18083933
27,4.842570727,0.104747078,54476.66812,1.505121861,80.49352599
27.1,4.606452026,0.10526097,54766.015,1.504686201,80.91952062
27.2,4.660320872,0.105755402,54906.28657,1.504250572,81.10909424
27.3,4.882864268,0.106239495,55198.25103,1.505557504,81.61244521
27.4,4.805448395,0.106748762,55338.09834,1.506864404,81.88699973
27.5,4.773732218,0.107257154,55441.821,1.509478217,82.17027007
27.6,4.688006415,0.107772214,55607.16698,1.512963296,82.58645969
27.7,5.12492326,0.108250126,55669.29453,1.516448431,82.86101603
27.8,5.054983976,0.108768951,55832.76145,1.519933511,83.28810105
27.9,5.11882097,0.109280157,55846.81399,1.524289878,83.5365075
28,5.126986506,0.109798217,55889.06619,1.528646238,83.81650995
28.1,5.342879404,0.110303058,55915.78311,1.533438257,84.09106539
28.2,4.76525182,0.110870742,55985.44579,1.537358918,84.38413924
28.3,5.257006336,0.111360001,56032.75743,1.544764783,84.83737424
28.4,5.201190064,0.111893326,55982.4345,1.55086368,85.08795987
28.5,5.590741707,0.112395526,55961.13079,1.556091354,85.33963614
28.6,5.248260287,0.112955783,55991.31622,1.562625856,85.72749804
28.7,5.244790143,0.113493121,56059.44139,1.565675307,85.98570998
28.8,5.08843193,0.114044782,56048.2638,1.570902922,86.24392143
28.9,5.706482416,0.114540379,56108.66519,1.576130622,86.60999684
29,5.252657195,0.11511986,56128.47507,1.580051295,86.85404356
29.1,5.664640874,0.115636505,56207.34747,1.582229522,87.10572031
29.2,5.301384088,0.116214609,56354.32061,1.583100754,87.39443718
29.3,5.858776346,0.116725676,56641.92006,1.580922638,87.72564795
29.4,5.650068149,0.117297522,57054.98487,1.577437529,88.16471705
29.5,5.864293264,0.117840061,57288.26785,1.576130646,88.44798848
29.6,5.686327889,0.118415166,57529.50614,1.57482372,88.74760092
29.7,5.817461003,0.118969608,57772.77221,1.575259372,89.15180699
29.8,5.542278128,0.119557756,57948.21721,1.575259342,89.42744967
29.9,5.845408931,0.120104873,58122.80514,1.575259377,89.70418488
30,5.653316265,0.120692385,58536.73508,1.57177427,90.14870132
30.1,6.095208324,0.121234662,58784.23425,1.570467412,90.45158449
30.2,5.540006596,0.121855411,58991.1448,1.570467352,90.76426965
30.3,5.832333721,0.122414884,59142.58021,1.572209929,91.0922111
30.4,5.520588018,0.123023038,59347.01996,1.571774259,91.3820176
30.5,6.210920646,0.123558148,59770.12528,1.56828925,91.82762696
30.6,5.640760663,0.124191667,60020.12065,1.566546644,92.1108953
30.7,5.946380506,0.124761847,60587.77975,1.560012141,92.59899358
30.8,5.880582619,0.125363109,60946.06464,1.556091412,92.91821772
30.9,6.141332336,0.125942553,61229.5066,1.553913262,93.22981663
31,5.994104217,0.126555908,61469.90731,1.555220155,93.69721262
31.1,5.98896142,0.127161514,61476.09973,1.559140878,93.95324559
31.2,5.712941106,0.127790765,61525.0029,1.563061572,94.27791626
31.3,6.166460273,0.128367727,61587.86115,1.566546711,94.61239555
31.4,5.992641067,0.128995244,61540.6385,1.571774323,94.87932265
31.5,6.247571517,0.129593324,61445.24301,1.580051435,95.28026135
31.6,5.723937744,0.130253545,61337.58504,1.586585916,95.52975482
31.7,6.212353215,0.130840232,61133.14667,1.59529869,95.76073149
31.8,5.75103678,0.131501996,60870.81124,1.607496444,96.10937049
31.9,6.538579285,0.132072183,60764.33982,1.614031074,96.33925886
32,6.084740059,0.132739552,60732.85878,1.618823018,96.57676858
32.1,6.346314815,0.133355911,60863.28231,1.621436864,96.94828993
32.2,6.060734085,0.134016894,60989.49506,1.622743741,97.23373867
32.3,6.319399636,0.134639863,61076.0335,1.625357587,97.53444226
32.4,5.923306706,0.135315641,61136.21053,1.627971358,97.78611605
32.5,6.285419667,0.135937221,61227.25628,1.631892124,98.16635358
32.6,6.239554745,0.136592961,61379.36664,1.63189212,98.41476028
32.7,6.644042645,0.137221015,61538.67796,1.631892168,98.67842175
32.8,6.179396948,0.137918267,61832.16474,1.630585207,99.07499858
32.9,6.538184192,0.138553185,62056.68197,1.629278342,99.36371844
33,6.394269664,0.139229498,62455.53771,1.625357604,99.76574437
33.1,6.591029254,0.139876581,62706.28759,1.623615084,100.0620897
33.2,6.143000186,0.140582605,62961.27698,1.622308126,100.3725963
33.3,6.372578619,0.14124069,63255.17605,1.62056561,100.7103428
33.4,6.138923548,0.141937272,63573.40771,1.617516133,101.0099552
33.5,6.601571484,0.142584478,64097.73573,1.612288556,101.4773538
33.6,6.314737026,0.143291815,64399.37789,1.610110344,101.7943979
33.7,6.703432799,0.143951383,64713.93151,1.607496574,102.0983709
33.8,6.407041768,0.144666319,65119.80103,1.605318362,102.5559607
33.9,6.840190197,0.145329412,65284.08826,1.606189684,102.8403229
34,6.490204296,0.146055305,65364.84183,1.608803461,103.1116075
34.1,6.776280337,0.146736537,65572.12435,1.610981675,103.5354254
34.2,6.292101157,0.147479696,65646.99903,1.611852892,103.697759
34.3,6.936298794,0.14814083,65948.54161,1.612724239,104.1923962
34.4,6.790299353,0.148865306,66090.23865,1.614031131,104.4756665
34.5,6.802587905,0.149581482,66230.93331,1.615338042,104.7578475
34.6,6.588037134,0.150318438,66462.31208,1.616644926,105.1762155
34.7,6.886988899,0.151020103,66576.04165,1.618387505,105.4540402
34.8,6.700687964,0.151762105,66725.27359,1.619258757,105.7362206
34.9,6.787756222,0.152487091,67065.61383,1.61795186,106.1850961
35,6.583174073,0.153237838,67368.00235,1.615338022,106.4923349
35.1,6.973523752,0.15394716,67676.05877,1.614466796,106.9270482
35.2,6.625192794,0.154716165,67779.90852,1.614466758,107.0980984
35.3,7.062903231,0.155429339,68003.86809,1.616209353,107.5981822
35.4,6.66471642,0.156209544,68094.50969,1.617951852,107.8847199
35.5,7.237033295,0.156919938,68216.45431,1.620565734,108.3030915
35.6,7.060698588,0.157690765,68254.58467,1.623179531,108.5623925
35.7,7.06384009,0.158451846,68363.32853,1.62448644,108.8467526
35.8,6.665650868,0.159247211,68440.05177,1.626664575,109.1398271
35.9,7.198912496,0.159975802,68413.55402,1.633199177,109.5538402
36,6.758345582,0.160782031,68333.54478,1.638862395,109.8142297
36.1,7.246736782,0.161521734,68333.64095,1.642783176,110.0833391
36.2,7.278957127,0.162299802,68434.24653,1.644961361,110.3949371
36.3,8.039886042,0.163026393,68543.19741,1.64713963,110.7141656
36.4,7.626736745,0.163845816,68609.5447,1.649753399,110.9941657
36.5,8.311220609,0.164585951,68751.33918,1.652802932,111.4168961
36.6,8.003595791,0.165405198,68927.84163,1.652802897,111.7110606
36.7,8.634069197,0.166157245,69091.91759,1.652802972,111.9899764
36.8,8.246675643,0.166990369,69240.93494,1.653238564,112.2808718
36.9,8.913707899,0.16774757,69604.60519,1.650624827,112.726482
37,8.595278709,0.16858344,69943.61589,1.647139703,113.0489735
37.1,8.687319054,0.169392323,70251.30125,1.644525899,113.3681975
37.2,8.429545086,0.170231814,70538.62407,1.642783326,113.7168377
37.3,8.548173284,0.17104691,70940.22324,1.638862618,114.0916269
37.4,8.543825954,0.171875444,71373.72274,1.633634986,114.4282837
37.5,8.828635108,0.172686175,72083.79739,1.6249223,114.9577833
37.6,8.2468031,0.173566774,72578.14472,1.619258967,115.328211
37.7,8.947897487,0.174354342,73109.42831,1.613160146,115.7062722
37.8,8.376865986,0.175242513,73655.32557,1.607061174,116.0897745
37.9,8.676628859,0.176068986,74390.74966,1.599655399,116.6606748
38,8.565089965,0.176930836,74783.42996,1.596605938,117.0321957
38.1,8.873991528,0.177765039,75222.88569,1.592685246,117.4135225
38.2,8.55389253,0.178651263,75627.79173,1.590071398,117.8275322
38.3,9.038115019,0.179480773,76048.76624,1.587457638,118.256799
38.4,8.713029189,0.180375929,76237.08364,1.588764509,118.617423
38.5,9.134101045,0.181218887,76456.6268,1.591814008,119.1458339
38.6,8.950268751,0.182112067,76571.41884,1.593992173,119.4737732
38.7,9.150316808,0.182980498,76601.08252,1.597912918,119.8071622
38.8,8.905826586,0.18388708,76543.06911,1.605318698,120.2680205
38.9,9.129138742,0.18476267,76632.72393,1.607932551,120.6014097
39,8.72511212,0.185690305,76835.13997,1.608368138,120.9489587
39.1,9.260845519,0.186551163,76997.7789,1.609239472,121.2747232
39.2,9.243191257,0.187458402,77284.58599,1.608368196,121.6713022
39.3,9.371776673,0.188359104,77624.37558,1.606625671,122.089672
39.4,8.884656042,0.189311073,78157.6898,1.602704894,122.6496736
39.5,9.289933471,0.190200018,78525.7662,1.600091124,123.039718
39.6,9.005553748,0.191145816,78828.75734,1.598784184,123.4221318
39.7,9.298656684,0.19205246,79182.95202,1.596606038,123.8121756
39.8,9.341654573,0.192982649,79789.32281,1.591814046,124.3950599
39.9,9.273309591,0.193925981,80027.52459,1.591814042,124.7742064
40,8.856811995,0.194900471,80166.64598,1.593556538,125.1391874
40.1,9.425774512,0.195805025,80210.57325,1.597041694,125.4889213
40.2,9.377369157,0.19676097,80065.27799,1.604447503,125.8430094
40.3,9.245871904,0.197728004,79868.59658,1.612724572,126.1960075
40.4,9.106895677,0.198700469,79789.26942,1.62013037,126.6688509
40.5,9.547063911,0.19963384,79672.6716,1.626229327,126.981541
40.6,9.041654237,0.200643707,79627.67186,1.631021267,127.3007622
40.7,9.534168348,0.201582795,79647.6315,1.634506412,127.6254368
40.8,9.282185094,0.202583182,79619.53345,1.640605289,128.0797582
40.9,9.5877426,0.203546191,79658.59477,1.643654775,128.3989845
41,9.192010109,0.204567339,79722.54968,1.64626855,128.7192959
41.1,9.424445824,0.20554588,79861.03298,1.648882393,129.1681725
41.2,9.295434309,0.206556729,79958.18301,1.649318015,129.3708195
41.3,9.677432496,0.207533875,80040.10586,1.654110057,129.8872457
41.4,9.481946475,0.208559787,79944.31608,1.659773304,130.1803213
41.5,9.643751544,0.209563698,79900.84122,1.664129685,130.4592348
41.6,9.533847784,0.210593265,79666.71194,1.673713666,130.8536344
41.7,9.764616883,0.211602126,79432.89876,1.681555143,131.0900578
41.8,9.545031188,0.212650254,79222.8841,1.688960931,131.3221204
41.9,9.923700885,0.213658186,78960.08439,1.697673699,131.5541873
42,9.640133373,0.21472146,78726.86794,1.707693295,131.9115423
42.1,9.936541191,0.215746016,78636.34712,1.712920964,132.1392501
42.2,9.818323391,0.216807188,78657.36866,1.71640604,132.4236102
42.3,10.10475862,0.217842927,78838.57778,1.716841712,132.7384779
42.4,9.856086034,0.218924613,79082.60768,1.715534775,133.0206578
42.5,10.14667413,0.219970654,79394.12984,1.715099175,133.4553712
42.6,9.859777941,0.221065817,79748.32727,1.712049689,133.7702361
42.7,10.05730225,0.222129674,80097.59902,1.709000262,134.0894613
42.8,9.628318477,0.223246487,80465.92155,1.705515123,134.4141306
42.9,10.2504368,0.224288998,80881.29719,1.701158839,134.7518807
43,10.16794138,0.2253903,81479.46688,1.695059925,135.2606775
43.1,10.29566568,0.226481134,81826.69229,1.692010489,135.5973348
43.2,10.14087922,0.227598888,82037.31503,1.692010472,135.9437966
43.3,10.23868895,0.228703115,82176.53081,1.693317393,136.283721
43.4,10.2858122,0.229816638,82333.70379,1.693753036,136.5964095
43.5,10.57888437,0.230917085,82461.809,1.694624344,136.9036508
43.6,10.46813268,0.232053755,82457.28799,1.699416329,137.3307359
43.7,10.99219646,0.23314786,82481.03266,1.70203021,137.599846
43.8,10.74184986,0.234306316,82512.91285,1.704643997,137.8831157
43.9,11.50438347,0.23539361,82470.23961,1.708564816,138.1522274
44,11.16762026,0.236569891,82269.53583,1.716841862,138.5248355
44.1,11.81964087,0.237676882,82194.14055,1.721198304,138.7765154
44.2,11.30672258,0.238878016,82173.79884,1.724683331,139.0641405
44.3,11.96705047,0.239995982,82175.82106,1.727732866,139.3583103
44.4,11.69094014,0.241190651,82122.79605,1.731653559,139.6078052
44.5,12.07124898,0.242341509,82237.09566,1.732524879,139.881273
44.6,11.75525303,0.243550991,82505.6668,1.732089205,140.3061771
44.7,11.97934862,0.24472552,82754.21544,1.730346689,140.5883597
44.8,11.8237167,0.245934775,83135.13431,1.726425946,140.908673
44.9,11.95142465,0.247128597,83594.77882,1.72119833,141.2278978
45,11.75424523,0.248353041,84649.7751,1.707257951,141.7998858
45.1,12.2866052,0.249528239,85461.12967,1.696367113,142.2095423
45.2,11.93902887,0.250776149,86401.21623,1.684169261,142.678027
45.3,12.26448993,0.25197917,87316.15211,1.672842762,143.1617677
45.4,11.97756818,0.25323478,88167.37109,1.662387462,143.6106415
45.5,12.67943025,0.254421527,89225.6424,1.650189734,144.2316627
45.6,12.65175098,0.255669657,89998.38022,1.641477009,144.6881646
45.7,12.69802185,0.256918432,90755.75575,1.633199928,145.1512032
45.8,12.35791782,0.258202817,91298.09487,1.628407893,145.5891819
45.9,12.62604008,0.259447416,92026.50862,1.622309019,146.2243633
46,12.48036735,0.260729697,92243.78377,1.622744639,146.6242107
46.1,12.82825511,0.261980929,92377.03802,1.624487225,147.0120753
46.2,12.64020387,0.263279119,92437.94751,1.627536658,147.4293547
46.3,12.94238947,0.264546581,92584.74154,1.629279238,147.8695151
46.4,12.45853165,0.265880087,92733.50966,1.630586092,148.2671813
46.5,13.08144706,0.267136261,93078.64685,1.630586165,148.8555164
46.6,12.82691878,0.26846531,93240.84324,1.631893045,149.2520945
46.7,13.20720594,0.26975287,93189.53695,1.636249452,149.593111
46.8,12.96430834,0.271094176,93249.97391,1.638863242,149.9461093
46.9,13.6071615,0.272374927,93422.29839,1.641912771,150.513744
47,13.13326836,0.273746933,93603.31325,1.64278399,150.9016044
47.1,13.6897046,0.275047526,93811.94832,1.643219692,151.2916501
47.2,13.47422286,0.276413276,94139.87339,1.642348395,151.739435
47.3,13.88441653,0.277738361,94429.33659,1.642348444,152.1926707
47.4,13.35983349,0.279141105,94794.0431,1.642348385,152.7820882
47.5,13.86059437,0.280472964,95045.8296,1.642348444,153.1906554
47.6,13.56866442,0.281871732,95328.42089,1.641912775,153.6024861
47.7,13.68138736,0.283246786,95846.75379,1.637992064,154.050272
47.8,13.55065208,0.284647176,96447.4003,1.634942596,154.6789147
47.9,13.86279161,0.286020983,96935.38675,1.63189318,155.125613
48,13.71959044,0.287436239,97291.14822,1.631021893,155.5537871
48.1,13.85141994,0.288837569,97643.05895,1.630150637,155.9841416
48.2,13.46475943,0.29028526,98026.11507,1.629279321,156.4624307
48.3,14.09928823,0.291662702,98534.76215,1.626665578,156.9745015
48.4,13.80153301,0.293117847,99066.95583,1.625358636,157.6227544
48.5,13.85442137,0.294553624,99368.75052,1.625358644,158.0640032
48.6,13.72616984,0.296010377,99689.95307,1.624922994,158.509609
48.7,14.02334394,0.297442096,99889.77911,1.626229938,158.937786
48.8,13.76796061,0.298922965,100341.2239,1.625794273,159.602381
48.9,14.18146004,0.300360452,100630.1133,1.625358686,160.0229323
49,13.64688805,0.301877144,101058.3409,1.623180445,160.4870568
49.1,14.1094089,0.303325748,101519.9114,1.620566682,160.9566357
49.2,13.78256248,0.304841534,101906.8196,1.619259737,161.4425524
49.3,14.35559224,0.306296573,102219.1287,1.619259804,161.9568013
49.4,14.26056782,0.307809609,102759.4154,1.617517249,162.6715158
49.5,14.96238657,0.309269756,103010.0871,1.617952967,163.1323802
49.6,14.62348716,0.310816264,103362.4408,1.617081657,163.6063122
49.7,15.09223277,0.312309219,103699.8494,1.616210439,164.0562801
49.8,14.32416501,0.313903629,103817.6828,1.620566715,164.6838287
49.9,15.02473253,0.315394408,103690.5257,1.626230067,165.0586221
50,14.78470674,0.316964178,103438.7,1.633635857,165.4334107
50.1,15.19112906,0.318492695,103032.9679,1.644962447,165.953106
50.2,14.83352678,0.320086917,102827.7911,1.650190041,166.1633779
50.3,15.26030396,0.321629502,102440.1959,1.662387907,166.733191
50.4,15.04810748,0.323236337,102243.5838,1.669358063,167.079652
50.5,15.53387689,0.324790294,102113.5674,1.675021393,167.4086851
50.6,14.90539106,0.326444688,101868.4591,1.682427136,167.735532
50.7,15.14728528,0.328033299,101285.1229,1.696367526,168.1517232
50.8,15.24667816,0.329632567,101027.6028,1.703773355,168.4513386
50.9,15.73493651,0.331210286,100957.4732,1.708129778,168.7553129
51,15.29464835,0.332874573,100903.8773,1.713357361,169.1540684
51.1,15.54401567,0.334494832,100953.4128,1.716842482,169.5648124
51.2,15.01897189,0.336182035,101048.1741,1.719020601,169.9167185
51.3,15.90606139,0.337770428,101265.4505,1.719456346,170.3340046
51.4,15.37561407,0.339474439,101347.4413,1.721198828,170.6554049
51.5,15.96440362,0.341101982,101471.0722,1.72250581,170.9996914
51.6,15.60345965,0.342809798,101613.1714,1.725119585,171.5052195
51.7,15.93341751,0.344473752,101797.5361,1.725119626,171.8200873
51.8,15.60321459,0.346196129,102042.6391,1.724248315,172.1643687
51.9,16.41509864,0.347840414,102355.9446,1.723812779,172.6818887
52,15.81775488,0.349599902,102645.0761,1.722505798,173.0523155
52.1,16.21875031,0.351292369,102880.1012,1.722070212,173.4151232
52.2,15.92842574,0.353045832,102923.3209,1.724683996,173.783373
52.3,16.17902339,0.354766966,102754.9956,1.730782935,174.134195
52.4,15.70506452,0.356551786,102641.8995,1.735574877,174.4305364
52.5,16.23816941,0.358269054,102557.2811,1.741238216,174.8837733
52.6,15.81572429,0.360067523,102686.934,1.742109438,175.1931903
52.7,16.45767583,0.361794187,102816.4498,1.742980791,175.5026128
52.8,16.54125323,0.363571837,102969.4339,1.743852075,175.8294662
52.9,16.69628764,0.365352979,103216.9691,1.744723368,176.3219219
53,16.46577751,0.367172365,103304.5687,1.746465886,176.6367876
53.1,16.97976299,0.368944271,103597.0586,1.745159042,176.983253
53.2,16.71684443,0.370784121,104020.5813,1.742109556,177.3711146
53.3,17.26323261,0.372571718,104699.0787,1.73557508,177.8297997
53.4,17.0036348,0.374429462,105301.6762,1.729911778,178.2492569
53.5,17.49351808,0.376239582,106047.0784,1.72381293,178.84195
53.6,16.97799647,0.378135171,106581.8578,1.719456506,179.2614059
53.7,17.59749906,0.379954029,107096.9618,1.715535855,179.6808688
53.8,17.44757574,0.381840461,107871.5913,1.70943693,180.2811843
53.9,17.93745313,0.383687725,108279.5452,1.707258809,180.69411
54,17.31473793,0.38562878,108688.017,1.705080553,181.1092063
54.1,17.96996378,0.387482475,108955.7193,1.704644997,181.4861791
54.2,17.65219024,0.389419364,109239.9145,1.70464496,181.9230684
54.3,17.89694257,0.391323242,109413.826,1.706387536,182.3708552
54.4,17.87912521,0.39325654,109663.2833,1.708130081,182.9482932
54.5,18.08897618,0.395182242,109880.2182,1.708565743,183.3394255
54.6,17.96646083,0.397142825,109995.6164,1.710308275,183.7142151
54.7,18.13642494,0.399091039,110197.7927,1.710743933,184.1031679
54.8,18.06791576,0.401067096,110404.7791,1.712486472,184.6707996
54.9,18.53451234,0.403012417,110770.1682,1.710308348,185.0662928
55,18.18598268,0.405029381,111236.9178,1.706823216,185.5020913
55.1,18.71987998,0.40698945,111696.8361,1.703338191,185.9204655
55.2,18.27496136,0.409033658,112354.4058,1.697674866,186.4368868
55.3,18.66095314,0.411025011,112925.6282,1.69331855,186.9576712
55.4,18.28084245,0.413084489,113775.3734,1.686783958,187.6811003
55.5,18.60700533,0.415100705,114333.8945,1.682427639,188.146319
55.6,18.46370131,0.417162649,114820.9612,1.679378164,188.6257013
55.7,18.67020961,0.419208366,115221.8704,1.677635652,189.0941879
55.8,18.28843058,0.421308985,115880.81,1.674586148,189.8045422
55.9,18.86053688,0.423347705,116087.2419,1.675457492,190.2218266
56,18.77206648,0.425446817,116364.436,1.675893114,190.6685229
56.1,19.07412308,0.427526819,116465.845,1.678506973,191.0879839
56.2,19.05378414,0.429641684,116639.3104,1.68024952,191.5390381
56.3,19.77544802,0.431710776,117092.1445,1.680249601,192.2483116
56.4,19.53989952,0.433862947,117482.2683,1.678942664,192.7222435
56.5,19.93418068,0.435978068,117893.2936,1.677200174,193.1765702
56.6,19.53826274,0.438163818,118390.3013,1.674586306,193.6701115
56.7,19.75140163,0.440314263,119361.2091,1.667616152,194.4316765
56.8,19.51584628,0.442509582,119934.8648,1.664131031,194.9513674
56.9,19.7489236,0.444680249,120495.2694,1.660645973,195.4481833
57,19.73189465,0.446880856,121529.1154,1.653240146,196.2446101
57.1,20.11287085,0.449062212,122337.812,1.647141288,196.8176926
57.2,19.9786798,0.451293653,122856.3405,1.644963089,197.3776962
57.3,20.3937199,0.453494544,123099.7264,1.646705684,197.9660321
57.4,20.40078038,0.455737468,123123.2026,1.650190778,198.4127286
57.5,20.69865833,0.457969515,123084.7124,1.654547181,198.870323
57.6,19.90471594,0.460295693,122876.4118,1.662824177,199.5240175
57.7,20.4452166,0.462532186,122507.3608,1.671101338,199.9129755
57.8,20.3783187,0.464826004,122073.5762,1.679814054,200.257258
57.9,20.613871,0.46710833,121542.6283,1.689833727,200.598275
58,20.39408162,0.469436708,120435.7247,1.708566066,201.0340747
58.1,20.4219022,0.471757928,119759.2012,1.720328259,201.309719
58.2,20.14394528,0.474113987,119372.5483,1.728605309,201.6354779
58.3,20.19087311,0.476457229,119246.8596,1.73383296,202.0451318
58.4,19.99517275,0.478830583,119201.0603,1.737318024,202.3796075
58.5,20.58218972,0.481156415,119232.0027,1.739931924,202.7413285
58.6,20.20617767,0.483567026,119400.4236,1.742110055,203.3024191
58.7,20.67520136,0.485925543,119758.0401,1.740367569,203.7164345
58.8,20.46204429,0.488347691,120236.3741,1.737318088,204.151145
58.9,20.92275506,0.490730788,120784.4536,1.733397419,204.5782341
59,20.27087253,0.493210341,121826.5365,1.725120248,205.2973014
59.1,21.01741321,0.495596113,122558.3301,1.71902143,205.7723314
59.2,20.60732225,0.498081646,123192.0899,1.714665017,206.3040063
59.3,20.96333033,0.500521479,123601.2538,1.713358152,206.8356861
59.4,20.7144324,0.503019507,123963.266,1.712051214,207.2965456
59.5,20.73391711,0.505509652,124379.18,1.709873035,207.7454189
59.6,20.80325458,0.508008493,124800.5767,1.709437409,208.4230929
59.7,21.17005662,0.510497242,124946.4915,1.710744364,208.8545386
59.8,20.6934808,0.513062528,125039.6507,1.712486853,209.2772625
59.9,21.49900047,0.515543258,125190.4458,1.714665134,209.91245
60,21.01826606,0.518134168,125258.114,1.716407623,210.3046676
60.1,21.62519367,0.520655428,125294.352,1.71858588,210.6870884
60.2,21.36381601,0.523255278,125370.6852,1.720764032,211.1381417
60.3,21.60680001,0.525829819,125630.729,1.721199699,211.6458518
60.4,21.76336708,0.528423833,126039.1977,1.719457174,212.1099829
60.5,21.68478391,0.531048734,126466.7219,1.719021529,212.7549672
60.6,21.70424631,0.533679328,126776.3379,1.718585896,213.2038441
60.7,21.97962758,0.536303654,127309.8205,1.715536476,213.6908535
60.8,21.86780165,0.538970547,127660.4432,1.71466519,214.1517142
60.9,22.40325426,0.541601646,127943.4727,1.716407802,214.8021521
61,22.14518354,0.54430621,128068.9436,1.718150318,215.199819
61.1,22.48536752,0.546978886,128229.5276,1.719457271,215.6018492
61.2,22.07855923,0.549721665,128264.9126,1.722506678,216.0256625
61.3,23.00536298,0.552376901,128159.7553,1.727298794,216.4549354
61.4,22.72152539,0.555137422,127761.6835,1.735140217,216.7817851
61.5,22.91296744,0.55787567,127171.2084,1.746902428,217.2491827
61.6,22.70390759,0.560658023,126806.0335,1.754308224,217.5520642
61.7,23.19031913,0.563401516,126297.0479,1.763456653,217.7961172
61.8,22.83667612,0.566222589,125934.1927,1.772604977,218.2112151
61.9,23.03226392,0.569016013,126006.6903,1.774783185,218.5456939
62,23.04421785,0.571837482,126148.027,1.776090098,218.8899782
62.1,23.19327008,0.574662633,126352.9547,1.776525754,219.2440678
62.2,22.84460358,0.577539706,126602.855,1.776525712,219.6232125
62.3,23.27449964,0.580372057,127051.8425,1.774347585,220.0611967
62.4,22.92084311,0.583278179,127988.8668,1.767377357,220.7192534
62.5,23.16959571,0.586153085,128839.0119,1.759971569,221.2073534
62.6,23.19649242,0.58905923,129582.102,1.753872662,221.666036
62.7,23.60726833,0.591950815,130484.7157,1.746031256,222.1835537
62.8,23.29764093,0.594911548,131565.5249,1.737318489,222.9156972
62.9,23.90866206,0.597817259,132086.8461,1.733833473,223.3722051
63,23.50846053,0.600814276,132513.5279,1.731655242,223.8406884
63.1,24.32305051,0.603734058,133005.5302,1.729912797,224.5020254
63.2,24.01507553,0.606753753,133222.5926,1.729041488,224.7842047
63.3,25.03489619,0.609687725,133480.9546,1.730348523,225.4934812
63.4,24.73273284,0.612736778,133305.6522,1.734704854,225.8301362
63.5,25.15346088,0.615746235,133121.376,1.739496909,226.20275
63.6,25.20359958,0.618798928,132807.7332,1.746902738,226.7191761
63.7,25.31771611,0.621862031,132586.6224,1.752130393,227.0645501
63.8,25.28392778,0.62495174,132518.3817,1.755615483,227.4044756
63.9,25.60659844,0.628029834,132580.268,1.757793707,227.7803566
64,25.11164877,0.631185484,132904.4738,1.758229284,228.3784899
64.1,25.87220535,0.634261557,133179.9671,1.757793743,228.766361
64.2,25.535955,0.637436337,133503.92,1.757358066,229.2217708
64.3,25.94170697,0.640570712,134027.7186,1.754744298,229.7196775
64.4,25.31629403,0.643799102,134649.6494,1.750823492,230.1957847
64.5,25.91730538,0.64695051,135731.6957,1.743417745,230.9475485
64.6,25.5070937,0.650194503,136475.9913,1.738190057,231.438911
64.7,25.98927946,0.653386998,137441.8297,1.730784295,231.9956516
64.8,25.72862691,0.656651884,138184.1592,1.725992262,232.526239
64.9,25.86265519,0.659903166,139061.2035,1.721200276,233.274727
65,25.73494344,0.663190621,139409.3186,1.720764626,233.7562888
65.1,26.19717696,0.666449757,139723.0575,1.720764683,234.231316
65.2,26.96850738,0.669701728,139988.0932,1.721636052,234.7466617
65.3,27.16650555,0.673013552,140182.3738,1.723378624,235.2576403
65.4,26.86096806,0.676380221,140448.9126,1.723814224,235.7315718
65.5,27.17445776,0.679716705,140601.1451,1.72686372,236.3776504
65.6,27.39571351,0.683076967,140411.2406,1.732091389,236.7720543
65.7,28.01331191,0.686423925,140096.4851,1.738626016,237.1370443
65.8,27.82159875,0.689849105,139975.3269,1.742982361,237.5249072
65.9,28.56632142,0.693220351,140061.6339,1.746467547,238.1132464
66,28.07131971,0.696702704,140336.8751,1.746467488,238.5534015
66.1,28.59418325,0.700125123,140725.8424,1.745160643,239.0142666
66.2,28.1290889,0.703639762,141201.0467,1.742982404,239.514345
66.3,28.52564819,0.707106544,141696.1435,1.74080427,240.0547422
66.4,28.47268096,0.710624876,141965.2748,1.740804265,240.5145131
66.5,29.08527199,0.714110275,142743.2606,1.736883611,241.2662777
66.6,28.53873705,0.717701139,143427.4031,1.732527179,241.801219
66.7,28.90703411,0.721240586,143951.4896,1.729913405,242.3176466
66.8,28.77511891,0.724835704,144309.441,1.729042116,242.8101027
66.9,29.28798913,0.728399842,144539.0461,1.730784727,243.5030318
67,28.85527782,0.732053703,144427.2333,1.734705406,243.9192183
67.1,29.25513815,0.735662612,144193.5349,1.739933097,244.3081751
67.2,28.91382143,0.739346139,143908.0673,1.746031971,244.7003937
67.3,29.4291728,0.742982991,143765.2057,1.75082404,245.1351104
67.4,29.34127862,0.746683939,143627.6155,1.755180397,245.5164377
67.5,29.72741722,0.750367394,143230.8801,1.763457545,246.0230603
67.6,29.28596379,0.754132174,143122.7342,1.767378222,246.3869508
67.7,29.70574843,0.757850414,143263.0238,1.768685186,246.7878922
67.8,29.39391142,0.761642884,143432.7936,1.769556422,247.1681267
67.9,29.70068594,0.765407345,143711.5769,1.770863372,247.7510133
68,29.66221321,0.769216887,144182.0554,1.768685184,248.2009799
68.1,29.8223256,0.773030411,144717.9875,1.765635748,248.6454982
68.2,29.79921868,0.776877019,145234.5039,1.763021926,249.1357759
68.3,30.51021398,0.780725923,145819.4209,1.759972559,249.6957885
68.4,30.26192354,0.784628355,146436.9241,1.757358709,250.3799959
68.5,30.58446708,0.788507019,147095.0619,1.753002382,250.8735432
68.6,30.10642305,0.792465875,147588.9116,1.750388504,251.3463842
68.7,30.35002991,0.79635024,148101.5758,1.749081625,252.0589209
68.8,30.21597753,0.800322344,148560.3885,1.746903426,252.5568246
68.9,30.51191937,0.8042816,149224.6872,1.742547096,253.0928627
69,30.58475795,0.808277729,149752.4707,1.739497649,253.5907685
69.1,31.00533038,0.812267419,150604.6747,1.734705697,254.3915572
69.2,31.64152153,0.81626074,151022.8656,1.73296323,254.8578756
69.3,31.97027176,0.820297436,151745.8134,1.729478177,255.5573387
69.4,31.72319614,0.824398062,152268.6195,1.727299964,256.1020903
69.5,32.19194874,0.828464727,152538.9691,1.727735659,256.6065345
69.6,32.26850721,0.832581538,152720.1912,1.72904258,257.0968143
69.7,32.84028653,0.836681311,153095.2179,1.729913925,257.8463986
69.8,32.69664653,0.84085602,153186.0927,1.732092093,258.3181543
69.9,32.79479888,0.845033263,153054.5662,1.736448475,258.7495965
70,32.35451631,0.849272328,152899.0209,1.742111701,259.3411949
70.1,32.8789203,0.853459366,152749.7994,1.746468135,259.7541211
70.2,33.13161242,0.857688043,152696.9084,1.748646352,260.0101605
70.3,33.50810721,0.861928512,152496.6806,1.755180953,260.7019978
70.4,33.4475384,0.866223396,152448.0424,1.758230405,261.1203686
70.5,34.09407314,0.870486097,152681.853,1.758230487,261.558356
70.6,33.69947047,0.874849265,153066.8908,1.756923529,262.045362
70.7,34.08924621,0.879174732,153729.5858,1.75387412,262.773153
70.8,34.11009314,0.883549868,154155.8958,1.752131576,263.2754173
70.9,34.30792105,0.887933502,154717.5939,1.749082144,263.7776794
71,34.39191039,0.892347733,155755.4959,1.742983239,264.6089742
71.1,34.88304362,0.89675314,156536.8176,1.738191295,265.1842369
71.2,34.67371362,0.901233868,157382.5238,1.733399264,265.824865
71.3,35.03687917,0.905693544,158486.3619,1.72642912,266.5559246
71.4,34.66385217,0.910231481,159228.4234,1.722508343,267.1300916
71.5,35.14666203,0.914727176,159956.4402,1.719023308,267.7358594
71.6,35.07940384,0.919287203,160411.2962,1.718152027,268.3024029
71.7,35.12348439,0.923861537,160880.6888,1.719023308,269.1162625
71.8,35.26311629,0.928451592,161161.7546,1.7198946,269.6512118
71.9,35.42767194,0.933062713,161244.7409,1.722508443,270.1545632
72,35.5780984,0.937697988,161185.6946,1.726429195,270.630681
72.1,36.16308875,0.942323473,160841.4035,1.73470637,271.2887476
72.2,35.92713323,0.947034455,160676.7433,1.738191438,271.5480488
72.3,36.40908292,0.951714572,160295.042,1.746904238,272.2355294
72.4,36.11329417,0.956477128,160042.5381,1.752131846,272.622303
72.5,36.59025088,0.961204818,159712.0696,1.758230824,273.0112594
72.6,36.44152621,0.966003736,159729.4284,1.76215154,273.6399043
72.7,36.73650536,0.970792958,159810.5775,1.763894126,274.0593656
72.8,36.89687276,0.975616424,159961.7009,1.765201056,274.5104237
72.9,37.16193139,0.980456085,160200.3215,1.765636733,274.9734661
73,37.35968219,0.985325113,160698.0663,1.764765482,275.6685737
73.1,37.77097383,0.990202303,161252.0354,1.762151713,276.1871814
73.2,37.3239282,0.995169115,161809.562,1.759973469,276.7558995
73.3,37.53579282,1.000110805,162434.6333,1.757359682,277.3758281
73.4,37.6595767,1.005083881,163107.0879,1.753874593,277.9336572
73.5,38.23038797,1.010047991,163974.859,1.748647031,278.5318014
73.6,37.71602253,1.015119388,164981.5423,1.743419317,279.3718044
73.7,38.09405393,1.020148381,165706.5696,1.739498644,279.9372613
73.8,38.35076798,1.025211798,166497.2292,1.735142291,280.549568
73.9,38.46705366,1.030311263,167337.6499,1.730350306,281.178213
74,38.34652497,1.035454319,168337.5392,1.725558288,282.0639786
74.1,38.86828819,1.040574283,168953.1588,1.722944529,282.6730189
74.2,38.54667031,1.045784015,169889.2041,1.717716843,283.3986246
74.3,38.77428198,1.050978093,170608.9629,1.71466742,284.1438489
74.4,38.79831576,1.056213677,171076.5247,1.713360502,284.7648671
74.5,39.51283437,1.061423049,171352.4691,1.713796238,285.3553884
74.6,39.24022375,1.066733529,171583.2504,1.714667474,285.9360907
74.7,39.91401924,1.07199868,171828.2267,1.716845748,286.7902717
74.8,39.76188264,1.077352987,171965.8649,1.718588273,287.3491856
74.9,40.19138114,1.08268996,172058.8193,1.72076652,287.896123
75,40.0691489,1.088095556,172287.727,1.721637767,288.4299786
75.1,40.39976017,1.093493856,172724.096,1.7225091,289.286334
75.2,40.57000086,1.098931327,172901.0647,1.722944742,289.6317095
75.3,40.5300161,1.104412115,173618.826,1.722073477,290.6035471
75.4,40.81159049,1.109895877,174208.7032,1.720330955,291.2311059
75.5,40.96353801,1.115416985,175111.526,1.715974615,291.910959
75.6,40.78062302,1.120991186,176258.1387,1.711182575,292.8817052
75.7,41.333062,1.126537491,176974.3379,1.708568824,293.5484894
75.8,41.33127728,1.132153634,177745.7762,1.705519366,294.23052
75.9,41.81141791,1.137761374,178315.9158,1.704212513,294.8853173
76,41.73234929,1.143439656,178834.1068,1.704648142,295.7906984
76.1,41.75132395,1.149138918,179090.6304,1.705519425,296.371403
76.2,42.06194472,1.15484461,179256.3953,1.707697645,297.0294685
76.3,42.0568138,1.160602857,179338.8628,1.710747111,297.7202145
76.4,42.06829656,1.166388745,179337.7166,1.713796568,298.2606115
76.5,42.32987969,1.172184578,178980.9162,1.719895522,298.7715893
76.6,42.3155949,1.178030473,178272.1141,1.730350813,299.4852165
76.7,42.74999879,1.183871516,178089.3831,1.734707238,299.9591572
76.8,42.77226489,1.189773191,178135.2207,1.737321065,300.490836
76.9,42.8435502,1.195700656,178428.7769,1.737756714,301.0584686
77,42.91649262,1.201657729,179006.7091,1.737321087,301.9311636
77.1,43.63255742,1.207595837,179562.4352,1.735578628,302.5097
77.2,42.96846998,1.213668466,180394.9904,1.73209345,303.2244081
77.3,43.6953271,1.219665917,181036.3486,1.730350991,303.9271468
77.4,43.87211464,1.225735203,181749.1306,1.727737191,304.5841232
77.5,44.0945976,1.231831377,182396.4786,1.725559034,305.2051429
77.6,44.25226443,1.237963091,183792.8391,1.719024496,306.2630554
77.7,44.74644643,1.244099937,184596.5434,1.715539459,306.9287489
77.8,45.01544593,1.250284658,185199.9236,1.713796944,307.6020697
77.9,45.65253532,1.256472366,186006.5116,1.712054474,308.6022413
78,45.31163429,1.262765396,186491.5073,1.711183159,309.2297946
78.1,45.99192126,1.269012385,186939.7361,1.710747606,309.8867736
78.2,46.04486337,1.275338329,187431.0664,1.710311976,310.6167452
78.3,46.35538371,1.281676432,188156.8221,1.708133828,311.4001024
78.4,46.02526448,1.288094916,188839.6462,1.705955604,312.1148142
78.5,46.62160901,1.294475244,189970.5222,1.702034941,313.2119527
78.6,46.55903381,1.300937558,190497.9246,1.70116366,313.8765521
78.7,46.88199749,1.307402959,190827.2042,1.702034975,314.5444228
78.8,46.92244531,1.313922238,191542.9945,1.701599344,315.5424102
78.9,47.1282398,1.320461612,191859.9251,1.702470649,316.1721465
79,47.10552777,1.327051112,192310.6433,1.702470643,316.8563571
79.1,47.54978408,1.333638172,192672.3402,1.702906335,317.4926332
79.2,47.36835701,1.34030577,192986.8236,1.704213227,318.2258692
79.3,47.80512455,1.346959807,193206.2287,1.706391468,318.9950644
79.4,47.9909508,1.353666244,193286.5935,1.709005315,319.63243
79.5,48.33215261,1.360394527,193384.5036,1.712926094,320.5770344
79.6,48.32519615,1.367182906,193675.8986,1.71379737,321.235098
79.7,48.79268612,1.373969309,194059.4507,1.713797428,321.8724627
79.8,48.58879223,1.380840704,194529.415,1.714668679,322.8650017
79.9,48.81447538,1.387713902,194889.2918,1.714668708,323.5001845
80,49.18223934,1.394610766,195078.3951,1.715975666,324.1081362
80.1,49.25003787,1.401564934,195472.9773,1.715975675,324.7792704
80.2,49.63357818,1.40853003,195801.9869,1.716846998,325.5059791
80.3,49.89995408,1.415538863,196152.8351,1.717718307,326.2479338
80.4,49.87384266,1.422605063,196654.1974,1.71858958,327.2132371
80.5,50.51494959,1.42965596,197201.4898,1.717718384,327.912708
80.6,49.96618199,1.43683261,197906.8552,1.715540132,328.6415807
80.7,50.68787626,1.443948685,198441.8766,1.714668946,329.3475886
80.8,50.09588973,1.451200218,199208.8492,1.713361963,330.3346744
80.9,50.73780481,1.458394358,199643.3976,1.713362042,331.0276074
81,50.67260629,1.46567828,200009.2148,1.713797673,331.7107279
81.1,51.21230743,1.472952753,200494.7327,1.714669015,332.6891103
81.2,50.98673089,1.48032177,200756.5249,1.714668989,333.1118378
81.3,51.48321284,1.487672905,201574.8331,1.712490863,333.9823578
81.4,51.65230879,1.495085739,202715.237,1.709005785,335.1285227
81.5,52.03909833,1.502519169,203163.0632,1.709005833,335.8486896
81.6,51.79272538,1.510037945,203436.0528,1.710312717,336.5405239
81.7,52.324913,1.517535249,204268.7383,1.70900587,337.6049766
81.8,52.3203241,1.525110928,205166.0956,1.705520771,338.3600075
81.9,52.77023923,1.532690022,206160.3927,1.701600089,339.1727826
82,52.7614837,1.540341932,207836.8061,1.69462989,340.3941205
82.1,53.13909717,1.54800284,208790.4269,1.691144836,341.1840161
82.2,52.90764443,1.5557484,210043.5533,1.686788435,342.2691618
82.3,53.6566643,1.563458326,210625.2248,1.68591725,343.0372733
82.4,53.6271114,1.571265994,211133.8472,1.685917248,343.8337037
82.5,54.37528804,1.57905372,211734.1549,1.685046063,344.6050835
82.6,54.24268934,1.586947359,212642.0296,1.683739136,345.7882874
82.7,55.02159736,1.594811336,213208.2257,1.683303593,346.6010686
82.8,54.72861964,1.602796125,213193.0211,1.68678866,347.2820072
82.9,55.27485904,1.610757155,213337.8186,1.690709465,348.339924
83,55.25856308,1.61880088,213171.6568,1.69506584,349.0252252
83.1,55.68347626,1.626851314,212999.7932,1.699422268,349.7018132
83.2,55.64888737,1.634977033,212608.9102,1.705521192,350.4099934
83.3,55.97241612,1.643116239,212264.243,1.711620159,351.1236236
83.4,55.77246231,1.651336047,212156.8933,1.715540874,351.7838622
83.5,56.3302959,1.65953943,212317.3669,1.719026044,352.7720511
83.6,55.96082246,1.667854388,212594.3339,1.719897276,353.4028715
83.7,56.27186131,1.676159329,212590.2052,1.722946778,354.0228032
83.8,56.47155101,1.68451433,213016.8364,1.724689355,355.0665544
83.9,56.98282699,1.692887545,213142.4518,1.726867607,355.6941167
84,56.88669783,1.701348845,213455.8484,1.727738872,356.3478212
84.1,57.67299311,1.709785489,214296.8388,1.726867694,357.4318907
84.2,57.71976778,1.718320616,214749.7808,1.725560788,357.8578908
84.3,57.99088258,1.726881446,216141.8227,1.721204445,359.1424186
84.4,57.85484244,1.735516136,216938.7854,1.719026242,359.9366704
84.5,58.33034852,1.74414759,217603.774,1.717719388,360.7156729
84.6,58.54826421,1.752841991,218032.3813,1.718155054,361.4587216
84.7,58.95479053,1.761565978,218632.0119,1.71902638,362.565664
84.8,58.88021036,1.770370213,219129.8109,1.718590734,363.2825603
84.9,59.31414292,1.77917994,219601.7143,1.718590789,364.0332348
85,59.41279441,1.788059283,220208.5572,1.717719527,364.8035204
85.1,59.85211384,1.796957271,221089.6793,1.716412668,365.9649378
85.2,59.63043358,1.805950069,221338.0757,1.716412643,366.384396
85.3,60.3576507,1.814915784,222375.9267,1.714670181,367.6722036
85.4,60.14925077,1.823997546,222652.2832,1.715977071,368.374933
85.5,60.8436324,1.833056224,223085.4221,1.716412794,369.1386866
85.6,60.82757476,1.842214295,223781.015,1.716412793,370.2543434
85.7,61.12144102,1.851394708,224371.733,1.715541555,371.0050155
85.8,61.05260569,1.86064866,225012.4656,1.714670272,371.8025351
85.9,61.25836549,1.870021347,225918.3673,1.713363387,372.9138324
86,61.46745626,1.879347802,226496.6723,1.712927774,373.7059095
86.1,61.81322505,1.888710779,226820.2548,1.714234731,374.4576721
86.2,61.914282,1.898139293,226930.804,1.717284209,375.2486584
86.3,62.63354714,1.907473042,226855.3445,1.721640676,376.0625291
86.4,62.89287842,1.916983565,227048.9361,1.723383261,376.7543734
86.5,63.1592649,1.926541161,227333.0494,1.725997121,377.8035701
86.6,63.23287153,1.936161328,227470.0431,1.728175321,378.5150223
86.7,63.32308879,1.945828473,227540.9754,1.730789161,379.2090353
86.8,63.40540466,1.955544623,227475.4243,1.734274275,379.8736391
86.9,63.76606928,1.96528831,227401.2752,1.739066337,380.8650935
87,64.00042715,1.975090001,227346.6723,1.742115832,381.4784917
87.1,64.31537597,1.984934612,227302.3225,1.745165338,382.1213041
87.2,64.40846266,1.994845474,227608.2601,1.746036626,382.8512788
87.3,64.80731817,2.004782728,228221.833,1.745165401,383.6760387
87.4,64.69930764,2.014808311,228774.7176,1.744294114,384.3842188
87.5,65.0009302,2.024852977,229426.0591,1.744294152,385.4355944
87.6,65.30669933,2.034947746,229955.4709,1.743858553,386.1753786
87.7,65.81935827,2.045077313,230649.5364,1.742116066,386.9086217
87.8,65.96225197,2.055285763,231771.5274,1.73906662,388.0918324
87.9,66.82969547,2.065490318,232539.6409,1.736888538,388.8490518
88,66.52554061,2.075835044,233199.069,1.735581588,389.6313153
88.1,67.24506489,2.086153788,234453.3413,1.73166094,390.8221575
88.2,67.43528805,2.096564492,235124.8284,1.729047133,391.3538432
88.3,67.56733886,2.107031753,236195.6276,1.726868961,392.6808597
88.4,67.83897507,2.11754091,236847.0461,1.725562082,393.5088928
88.5,68.13303763,2.128100997,237357.9687,1.725126481,394.3173082
88.6,68.07561468,2.138740668,237971.496,1.723819561,395.1050253
88.7,68.52919607,2.149394876,238775.742,1.722948342,396.3307236
88.8,68.39614287,2.160147013,239520.1649,1.721205775,397.1347811
88.9,69.09067263,2.170890192,240220.4159,1.719898947,397.9780688
89,69.13707998,2.181736424,240962.1273,1.718156402,398.7908452
89.1,69.79170866,2.192590794,241634.7553,1.718592121,399.9620734
89.2,69.94777954,2.203537465,241824.7508,1.719463417,400.4392841
89.3,69.98502083,2.214547982,242437.5831,1.721205976,401.7336143
89.4,70.35046488,2.225588769,242790.8372,1.722512936,402.5256967
89.5,70.70842192,2.236685354,243466.8251,1.721641705,403.3275774
89.6,71.32893939,2.247817598,244257.5922,1.721641782,404.4770212
89.7,71.635362,2.259029441,244547.0601,1.723384373,405.2592904
89.8,71.44488832,2.27033514,244714.7965,1.725562541,405.977276
89.9,71.7280274,2.281661413,244340.4117,1.732532787,406.9676378
90,72.12997835,2.293035503,244079.5544,1.737324857,407.635517
90.1,72.2685201,2.304486457,244162.6906,1.739938705,408.346964
90.2,72.56575756,2.315982753,244053.6416,1.743859486,409.0595127
90.3,73.02916898,2.327523975,243874.303,1.748215926,409.8080074
90.4,73.18762524,2.339146131,243486.6828,1.75475052,410.7351844
90.5,73.64021634,2.35080417,243100.3162,1.759978235,411.340957
90.6,73.87426739,2.362537214,242894.6565,1.763898998,411.924941
90.7,74.40743869,2.374306306,242816.4301,1.766948554,412.5601316
90.8,74.57582871,2.386162088,243144.5334,1.768255482,413.5069173
90.9,74.8098516,2.398072332,243884.8957,1.766077322,414.2684845
91,74.99899559,2.410045603,244570.7083,1.764334794,415.0256994
91.1,75.64513362,2.422044142,245499.2571,1.762156685,416.1195732
91.2,75.63151511,2.434152945,245944.9875,1.760849765,416.5956895
91.3,75.95939328,2.446296471,247692.0784,1.754315242,417.9706514
91.4,76.17675,2.458509279,248700.0502,1.750830158,418.8259208
91.5,76.44810651,2.47077915,249796.4652,1.746909455,419.7018899
91.6,76.89394555,2.483097284,250963.8001,1.742553121,420.6040107
91.7,77.41704996,2.495471246,252457.9687,1.737761174,421.8874604
91.8,77.24882264,2.5079597,253184.4459,1.736454231,422.7340038
91.9,77.74365612,2.520460404,253686.6329,1.736454304,423.5489651
92,78.04736904,2.533038261,254516.2897,1.734276138,424.3769967
92.1,78.36270476,2.545678267,255879.6482,1.730791086,425.705112
92.2,78.23847598,2.558414986,256360.7891,1.729919784,426.236789
92.3,78.78810975,2.571164326,258072.1513,1.725127841,427.7468568
92.4,79.05605293,2.583998975,258905.2578,1.723385309,428.6130205
92.5,79.30736756,2.596899218,259809.1071,1.721207165,429.4987949
92.6,79.52294255,2.609866799,261076.8812,1.719028985,430.8802942
92.7,79.95371443,2.622882941,261943.391,1.717286499,431.7660724
92.8,79.98148174,2.635995002,263161.4974,1.713801386,432.7553454
92.9,80.26100612,2.649153644,265069.3709,1.708138132,434.2229171
93,80.32198915,2.662394793,266009.8081,1.70595994,435.1010611
93.1,80.90810048,2.675662428,266629.3412,1.705960016,436.028244
93.2,80.98235705,2.689035442,266874.8922,1.708138215,436.9456106
93.3,81.4645827,2.702444414,266997.4861,1.711187754,437.9087451
93.4,81.67342633,2.715941403,267035.3347,1.714237236,438.7542071
93.5,82.16393973,2.729484594,266890.1299,1.71990061,439.973376
93.6,82.21322596,2.743129174,267014.6107,1.722078798,440.7654488
93.7,82.70205589,2.756808751,266943.0702,1.725563972,441.5651576
93.8,82.84438295,2.770583179,266561.0947,1.730791652,442.303848
93.9,83.18694981,2.784411445,265648.3566,1.740375742,443.3258117
94,83.55360223,2.798307187,265363.5868,1.744732171,443.9936876
94.1,83.99170239,2.812267075,265184.0941,1.748652976,444.7073244
94.2,84.42896051,2.826297032,265511.031,1.749959941,445.5734922
94.3,84.52802461,2.840422946,266064.8755,1.749959961,446.4908576
94.4,84.76584044,2.854609144,267104.5546,1.748217438,447.7350833
94.5,85.28200191,2.868845219,267996.6991,1.74603931,448.6317557
94.6,85.56383369,2.883170483,268511.6792,1.746039347,449.4728652
94.7,86.25280302,2.897536573,269078.0631,1.745603795,450.3259629
94.8,86.35513404,2.912019251,270316.45,1.742554339,451.6333739
94.9,86.82721128,2.926546375,270880.7155,1.741683121,452.4156488
95,87.25274565,2.941149854,271353.0395,1.742554452,453.6228363
95.1,88.05301168,2.955798027,271542.7936,1.743861468,454.3887727
95.2,87.9824657,2.970585779,271487.2133,1.74734657,455.3769596
95.3,88.7968339,2.985380404,271136.6266,1.751703059,456.0524684
95.4,88.61741432,3.000324627,270747.0811,1.756495063,456.7464839
95.5,89.08194305,3.015294838,270336.0056,1.761287149,457.3794969
95.6,89.29469218,3.030359214,270469.2774,1.764336647,458.4047296
95.7,89.91790207,3.045467848,270898.7166,1.764772365,459.1859169
95.8,90.1414291,3.060682591,271171.3781,1.76607931,459.9387757
95.9,90.61006438,3.075954995,272056.0464,1.765643732,461.1339721
96,90.93743171,3.091314554,273562.5966,1.760416109,462.0339169
96.1,91.40271896,3.106740666,275095.6765,1.755188504,462.9970476
96.2,91.30380159,3.122286927,277142.0683,1.747346996,464.1028998
96.3,92.03911208,3.137847706,279219.7505,1.739941229,465.3405937
96.4,91.89197676,3.153553491,281153.2321,1.732535353,466.4072218
96.5,92.41620954,3.169287027,284030.2937,1.722080088,468.0600126
96.6,92.67287466,3.185119684,285653.817,1.716852456,469.1724101
96.7,93.04087,3.20102322,287125.9889,1.712496114,470.2760866
96.8,93.0208146,3.217035934,288499.5681,1.708575364,471.326374
96.9,93.81587571,3.233066997,290341.3261,1.704219073,472.9639185
97,94.25030624,3.249205735,290612.5335,1.705961682,473.8714939
97.1,94.56174824,3.265434731,290809.3572,1.708139916,474.7594455
97.2,94.85572807,3.281746352,290785.0965,1.712060702,475.7552655
97.3,95.70973285,3.298097178,290847.3912,1.715545918,476.7728819
97.4,95.80509756,3.314587574,290955.6183,1.71990232,478.0824771
97.5,96.17631354,3.331139578,290866.7219,1.723387478,478.9050608
97.6,96.45528456,3.347781595,290900.9772,1.726436986,479.7832141
97.7,97.0425125,3.364483613,290667.497,1.732100365,480.9925759
97.8,96.70740939,3.381339326,290671.0209,1.735149798,481.8391241
97.9,97.52643645,3.398191863,290617.0306,1.738199373,482.6235819
98,97.71644598,3.415176603,290778.1956,1.74124887,483.8057061
98.1,98.15488616,3.432227623,290976.3387,1.742991482,484.6620674
98.2,98.23020205,3.44939163,291263.8915,1.744734048,485.6633313
98.3,98.7475521,3.466608118,291509.1408,1.74647667,486.5796146
98.4,99.06713022,3.483925854,292075.0834,1.746476711,487.4915446
98.5,99.78304199,3.501300267,293155.47,1.745169883,488.8534429
98.6,99.8990178,3.518807313,293860.1598,1.744298621,489.7479368
98.7,100.6581095,3.536353243,294766.7659,1.74255616,490.6718521
98.8,100.8704438,3.554028663,295753.3057,1.740377993,491.6164665
98.9,101.4624932,3.57176376,297452.4936,1.736457316,493.1428759
99,101.6756302,3.589616541,298392.4329,1.734714787,494.094028
99.1,102.2651585,3.607530185,299534.0328,1.732101026,495.1312474
99.2,102.4217647,3.625566478,300502.8717,1.73079413,496.2458238
99.3,102.8376026,3.643673407,301370.3062,1.729922904,497.3723821
99.4,102.9376777,3.661895099,302078.2316,1.730794196,498.7789421
99.5,103.6301822,3.680163093,302358.372,1.732536839,499.7115745
99.6,103.9113681,3.69855387,302469.6413,1.73515071,500.6104295
99.7,104.6138145,3.717004795,302413.1254,1.738200271,501.4319322
99.8,104.423841,3.735616024,301809.0975,1.745170476,502.59008
99.9,105.3240162,3.754237663,301713.4832,1.748220063,503.3756316
100,105.2104574,3.773029581,301176.4691,1.753447721,504.130664
100.1,105.8430174,3.792048289,300997.0183,1.758239832,505.3269553
100.2,106.1706758,3.810806025,301052.4654,1.759546792,505.8281416
100.3,106.5556224,3.829843551,301103.3934,1.763903234,507.133377
100.4,107.0784862,3.848966032,301223.7396,1.766081497,507.8960508
100.5,107.6545135,3.868180259,301226.565,1.768695406,508.6380172
100.6,107.5167673,3.887545034,301818.1938,1.769566669,509.8593558
100.7,108.8040293,3.906898569,302830.8688,1.767388635,510.7952729
100.8,108.9146967,3.926438458,303938.8506,1.764774815,511.7551343
100.9,109.4266816,3.9460458,305130.8029,1.761725405,512.738972
101,109.9320037,3.965751854,306619.3461,1.757369076,513.7762
101.1,110.6317448,3.985541923,308398.9367,1.753012771,515.241602
101.2,110.899393,4.005464001,309065.4383,1.751705888,515.901857
101.3,111.5500783,4.025456804,310930.564,1.746913937,517.5415776
101.4,111.6290764,4.045593188,312273.3803,1.742993194,518.6387206
101.5,112.7142999,4.065754088,313734.029,1.738636935,519.766384
101.6,112.8979615,4.086084453,315582.5897,1.733844925,521.3745094
101.7,113.3774136,4.10649423,316493.5266,1.732102428,522.3921175
101.8,113.8227819,4.127008878,317345.8603,1.730795565,523.4021091
101.9,114.6553417,4.147596876,318051.7883,1.730360029,524.444785
102,114.3827642,4.168372003,318953.9544,1.730359998,525.9864376
102.1,115.0391363,4.189181069,319986.2871,1.728181882,527.0301994
102.2,115.3419362,4.210121963,321357.0568,1.725132444,528.3441599
102.3,116.0792896,4.231134735,322850.1659,1.721647419,529.5960202
102.4,116.3251382,4.252290147,324065.7751,1.719469253,530.756358
102.5,116.9565159,4.27352228,326135.543,1.715112936,532.4919569
102.6,117.4412198,4.294871966,327488.6603,1.712499159,533.6926137
102.7,118.0949984,4.316315793,328565.9052,1.711192321,534.8605801
102.8,118.3681995,4.337895995,329610.7837,1.709885437,536.0318139
102.9,118.8196154,4.359570745,330602.1568,1.710321132,537.6497424
103,119.1364053,4.381364409,330953.8849,1.712063731,538.719653
103.1,119.9222311,4.403231655,330609.9614,1.716855864,539.6773474
103.2,119.9319619,4.42526743,330286.5261,1.722083542,540.7853844
103.3,120.3953566,4.447379156,329443.2331,1.729489475,541.759412
103.4,120.875352,4.46960047,329214.0719,1.733410292,542.6430212
103.5,121.6166535,4.491913298,328196.5252,1.742123179,543.8654671
103.6,121.8502283,4.514489262,327538.9151,1.747786525,544.6956826
103.7,122.5727984,4.53702866,327180.0669,1.752143013,545.5487842
103.8,122.9181135,4.559710531,327523.3797,1.753449977,546.4934019
103.9,123.5259626,4.58260054,328726.3736,1.752143135,547.9642511
104,123.6951233,4.605294239,329587.4446,1.751271878,548.985132
104.1,124.3228963,4.628296737,330801.4981,1.748658118,550.016908
104.2,124.4495887,4.651568761,332008.0049,1.746479937,551.1532753
104.3,125.5231313,4.67465259,333469.8475,1.743430592,552.4127722
104.4,125.6032739,4.698044079,335132.1588,1.740816765,554.0819094
104.5,126.3049251,4.721504576,336473.6401,1.738203014,555.2346215
104.6,126.6060548,4.745113144,337745.232,1.736024853,556.3807998
104.7,127.1281902,4.76882312,338894.6232,1.734282359,557.5226157
104.8,127.4392533,4.792668071,339432.3768,1.736460598,559.0076302
104.9,128.2114573,4.816597416,339624.936,1.738638894,560.0045468
105,128.4186175,4.840689631,340005.7942,1.739945841,561.0232511
105.1,129.0678074,4.864868966,340344.4848,1.741252843,561.9765827
105.2,129.5009391,4.889185923,341368.5713,1.739945978,563.2001208
105.3,129.978921,4.913621241,341772.1779,1.741252958,564.3560979
105.4,130.1378107,4.938203276,342973.6438,1.739946059,565.9631354
105.5,130.7636572,4.962873082,343662.0752,1.739510498,567.0624621
105.6,131.3196869,4.987671805,344635.1922,1.737768008,568.2130049
105.7,132.05933,5.012580823,345313.1584,1.73733246,569.3210508
105.8,132.4998224,5.037637411,347183.6353,1.732976116,571.0054522
105.9,133.2917737,5.062792868,348510.4821,1.729926734,572.1679747
106,133.7878977,5.088096833,349562.0227,1.728184236,573.3577397
106.1,134.3662626,5.113521301,350515.6444,1.728184308,574.994194
106.2,134.6994861,5.139091888,350788.3809,1.729055631,575.7187349
106.3,135.6932701,5.164740321,351896.8764,1.729491394,577.4957449
106.4,135.6882687,5.190593277,352524.8308,1.730362675,578.6157688
106.5,136.6587459,5.216501609,353416.345,1.730362796,579.761955
106.6,136.9802546,5.242589141,354519.2952,1.730798477,581.3374011
106.7,137.4529698,5.268795897,355363.8432,1.730798536,582.4835734
106.8,138.0519639,5.295124405,355969.9952,1.731669892,583.5970751
106.9,138.5985891,5.321588753,356354.916,1.733412521,584.672432
107,138.6865258,5.34822055,357909.4035,1.731669973,586.3797033
107.1,139.3419592,5.374942766,359316.4636,1.729056213,587.6217582
107.2,139.7630521,5.40181668,361022.4943,1.725571144,589.0359602
107.3,140.5173223,5.42879997,362340.0473,1.723828685,590.4970122
107.4,141.0895996,5.45593224,363185.8565,1.723393107,591.7161938
107.5,141.3693717,5.48322276,363750.7637,1.723828784,592.838391
107.6,141.8310935,5.510635895,364125.0896,1.726442684,594.4737655
107.7,142.4041368,5.538177604,364104.9083,1.729492238,595.5469442
107.8,142.8142978,5.565869802,364490.2322,1.730799211,596.6103247
107.9,143.75124,5.593660592,364784.9159,1.732541889,597.7161983
108,144.0292407,5.621640367,364597.4264,1.737769609,599.2600493
108.1,144.6960896,5.649730786,364453.9843,1.741254816,600.205759
108.2,145.4551483,5.677954999,364557.12,1.744304395,601.4020674
108.3,146.1610057,5.706324491,365065.4834,1.745611405,602.6158
108.4,146.5560765,5.734859707,366051.6627,1.744304534,603.6737302
108.5,146.9486318,5.763538065,367484.8328,1.742997675,605.4343893
108.6,147.6577449,5.792336045,368491.4039,1.74169083,606.5653249
108.7,148.0909695,5.821299315,369493.6292,1.740383973,607.7027814
108.8,148.8457372,5.850383279,370417.3181,1.739512772,608.8925552
108.9,149.5464719,5.879617098,371939.2073,1.737770307,610.7055155
109,149.9347574,5.909021151,373432.9531,1.73472086,611.9922465
109.1,150.9229439,5.938526912,374748.5533,1.732107156,613.2092525
109.2,151.2904095,5.968227688,375998.5587,1.730364628,614.6038415
109.3,152.0716498,5.998045875,376939.7688,1.729929091,615.9842753
109.4,152.4847686,6.028041442,377698.3144,1.729929138,617.2110771
109.5,153.4138651,6.058148135,378887.3814,1.729929258,619.0480205
109.6,153.7978539,6.088447095,379718.0714,1.729929298,620.2759135
109.7,154.5532401,6.118869606,380784.4117,1.729058122,621.5364952
109.8,154.7178176,6.149489526,382093.7734,1.727315569,622.8384721
109.9,155.5130393,6.180214952,384353.1051,1.723394913,624.7908972
110,155.9766993,6.211119543,385428.3338,1.722523682,626.0144325
110.1,156.7992924,6.242151662,386075.4689,1.723395071,627.2412473
110.2,157.0609894,6.273381931,386684.4944,1.72470202,628.5868017
110.3,157.5644595,6.30475028,386716.3594,1.728187219,629.8659034
110.4,158.2997314,6.336258272,387356.819,1.730365501,631.5982489
110.5,159.1089302,6.367918528,388053.4733,1.73080126,632.7673195
110.6,159.6322672,6.399759139,389212.1848,1.72949439,634.0714809
110.7,160.2029412,6.431755674,390697.9535,1.728187548,635.945458
110.8,160.8699766,6.463905214,391008.2628,1.729930183,637.1363148
110.9,161.3433819,6.496230595,390954.2585,1.732979745,638.2672425
111,161.874095,6.528713587,390991.8132,1.735157999,639.2815944
111.1,162.8676052,6.561324163,392290.6657,1.734286857,641.0967515
111.2,163.3641988,6.594135958,393261.6245,1.732544345,641.9934352
111.3,163.8391622,6.627113773,396635.6627,1.724702871,644.3783908
111.4,164.6423133,6.660231933,398244.4084,1.721653479,645.8133028
111.5,165.3515439,6.693523152,399342.0159,1.720346646,647.1174707
111.6,165.7150849,6.727007503,400181.0865,1.720346692,648.448868
111.7,166.5115091,6.760626697,400904.7166,1.722524996,650.3457273
111.8,167.0569683,6.794433481,401534.8812,1.723396341,651.6281033
111.9,167.6339757,6.828407215,402598.7914,1.72252514,652.9039401
112,167.9600179,6.862570323,404110.3929,1.720346966,654.3137788
112.1,169.0089343,6.896849647,405660.1459,1.719475826,656.3435728
112.2,169.9597748,6.93130822,405990.0176,1.720347217,657.1988702
112.3,170.7552056,6.965951253,407326.8065,1.720782958,659.3724681
112.4,171.2016218,7.000794404,407821.1923,1.722089938,660.5970994
112.5,172.2047277,7.035769856,408530.3875,1.722525703,661.855514
112.6,172.3976573,7.070982149,409830.7046,1.722090087,663.8220947
112.7,173.4430844,7.106306056,410491.5005,1.722525857,665.1545965
112.8,173.8810797,7.141853201,411634.2412,1.721218988,666.4870897
112.9,174.7295221,7.177547246,413199.0063,1.719912169,668.5048869
113,174.9755178,7.213465912,413933.7215,1.720347842,669.8482707
113.1,176.0698559,7.249500142,414312.5551,1.722090543,671.0587481
113.2,176.5476216,7.285761772,414264.0225,1.726011376,672.3901537
113.3,177.0519478,7.322203046,414556.8965,1.728625288,673.7901888
113.4,177.5504286,7.358827406,414787.451,1.730803558,674.9701531
113.5,178.6288636,7.395591208,414775.7931,1.735595748,676.6916113
113.6,179.1788032,7.432579416,415114.188,1.737774025,677.9129779
113.7,179.7827232,7.469748833,415318.9963,1.74038795,679.1038308
113.8,180.457242,7.507099154,415167.2389,1.745615734,680.7403057
113.9,181.430863,7.544613921,414814.7599,1.749972271,681.8167718
114,181.9191957,7.582353543,414624.0492,1.753457467,682.8409347
114.1,182.6285237,7.620265531,415039.0947,1.754764481,684.0121788
114.2,183.5447211,7.658351721,415852.4851,1.754764597,685.369749
114.3,184.1933312,7.696649135,416360.7684,1.756071604,686.6978813
114.4,184.6724028,7.735151332,416573.5738,1.759121157,688.2809638
114.5,185.6865577,7.773805768,417039.5864,1.759992568,689.3966542
114.6,186.1564277,7.81269529,417985.1878,1.760428271,691.1398951
114.7,187.0251095,7.851749343,418705.4939,1.76042838,692.2904473
114.8,187.6378361,7.891018595,419872.246,1.759121533,693.566291
114.9,188.2837684,7.930482064,421525.6479,1.756072123,694.8617378
115,188.9811865,7.970139385,424033.6758,1.751715793,696.8555759
115.1,189.7807765,8.009987667,425582.914,1.749537684,698.2164002
115.2,190.3651258,8.050051971,427352.2876,1.746923907,699.748281
115.3,191.0965166,8.090305846,428911.0454,1.745181432,701.3575093
115.4,191.874407,8.130757939,430817.4263,1.741696394,702.7641068
115.5,192.4545056,8.171427759,433693.328,1.736468764,704.8701466
115.6,192.9822237,8.212305317,435716.6955,1.732983695,706.3944016
115.7,193.8131962,8.25336464,437566.1124,1.729934305,707.8402084
115.8,194.3084431,8.294655292,439487.7302,1.726884874,709.3797113
115.9,195.3263076,8.336113144,441486.9505,1.725142432,711.5827374
116,195.7151306,8.37782648,442663.3688,1.724271197,712.9675297
116.1,196.6755953,8.419705432,443425.3808,1.724706958,714.2967629
116.2,197.3335707,8.461817226,444486.8185,1.72470704,715.8820334
116.3,198.2308185,8.504121791,445714.8332,1.724271509,717.5217781
116.4,198.7657501,8.54666596,446613.3718,1.726014145,719.5504757
116.5,199.5507558,8.58940431,446642.7883,1.729063737,720.8590017
116.6,200.2302002,8.632364789,446104.3028,1.733855886,722.070572
116.7,201.3873913,8.675504293,445486.4326,1.738648094,723.1797319
116.8,201.8008718,8.718916472,444816.9661,1.744747138,724.8902895
116.9,202.7560797,8.762504965,444286.2593,1.749103681,726.0375753
117,203.4029803,8.806335309,443202.9135,1.755202754,727.0802694
117.1,204.3074324,8.850365815,442172.4355,1.762173145,728.618688
117.2,205.2326225,8.894615331,441696.5608,1.765222759,729.3192844
117.3,206.4170256,8.93906687,440581.6557,1.772628829,730.9993532
117.4,206.7563441,8.983805357,440470.2301,1.774807085,732.0561976
117.5,207.7578731,9.028717746,441133.6991,1.77437157,733.2252757
117.6,208.2159423,9.073896463,442373.022,1.772193418,734.5468809
117.7,209.0744808,9.119271094,443724.433,1.7708866,736.3870942
117.8,209.6695803,9.164893187,444625.4055,1.770451034,737.64442
117.9,210.9435082,9.210692308,445746.586,1.769144268,738.8788797
118,211.2817796,9.256791937,448499.1437,1.763916602,740.9369921
118.1,212.2249268,9.303076692,450312.1025,1.760867223,742.3588328
118.2,212.9769247,9.349607876,452990.1457,1.755639608,744.0476184
118.3,213.7887121,9.396367663,455307.7932,1.751718927,745.7320255
118.4,214.6436703,9.443358507,456975.187,1.749540821,747.1310029
118.5,215.6564668,9.490572823,458268.8534,1.750412234,749.0801735
118.6,216.1091828,9.53806628,458991.7298,1.751283577,750.334228
118.7,217.1825614,9.585750548,460208.7178,1.750412427,751.6667369
118.8,218.0530801,9.634170482,461617.5711,1.750412536,753.6475122
118.9,218.8223409,9.681875743,462948.4598,1.749105705,755.0094301
119,219.6463278,9.730299671,463770.6188,1.749541452,756.3691798
119.1,220.7818729,9.778942513,465083.7979,1.748234665,757.8106415
119.2,220.9518451,9.827902451,465670.9562,1.749541617,759.2902174
119.3,222.1845307,9.877026983,466841.2156,1.750413057,761.428972
119.4,222.9477049,9.926433413,468798.0875,1.74692801,762.8431983
119.5,224.050688,9.976061547,470975.2517,1.743007362,764.4557151
119.6,225.0244226,10.02594961,473759.1888,1.737344125,766.1782824
119.7,225.8070047,10.07610322,478025.7744,1.728631364,768.7484687
119.8,226.6448034,10.12650395,480725.8915,1.723403752,770.4427038
119.9,227.2956039,10.17717145,483251.4093,1.719047403,772.2110042
120,228.3036617,10.22806575,486162.0923,1.714255454,774.3361471
120.1,229.2381423,10.27922065,489210.8071,1.709463495,776.5789427
120.2,230.2934407,10.33088083,491677.1952,1.705542836,778.3728773
120.3,230.9831733,10.38231028,493906.336,1.703364705,780.6004101
120.4,231.5884848,10.43426327,494179.6991,1.705978639,782.1715219
120.5,232.6561648,10.48644144,493794.4655,1.710335202,783.5443439
120.6,233.7150786,10.5388817,492777.7684,1.71817691,785.538206
120.7,234.4162374,10.59161185,491365.8368,1.725582932,786.778093
120.8,235.4704974,10.64457961,489613.6287,1.733860285,787.9319379
120.9,236.4557486,10.69781801,487825.5072,1.743444561,789.5520786
121,237.4243388,10.75132456,486667.3166,1.749979333,790.6906684
121.1,238.3442775,10.80510273,485579.9856,1.756078456,791.7366309
121.146,238.7457727,10.82993273,485057.623,1.75912801,792.2835823
121.3,239.9967252,10.83200125,484954.0973,1.764355888,794.4125452
121.4,240.3680881,10.83197234,485680.0436,1.764791579,795.6981963
121.5,241.1067201,10.83191561,487365.8481,1.763920385,797.8140565
121.6,241.6222485,10.83187578,488313.9054,1.763920451,799.1999476
121.7,242.1735068,10.83183324,489764.5699,1.762177946,800.5989015
121.8,242.687789,10.8317935,492539.2169,1.75825722,802.9043417
121.9,243.0882343,10.8317624,494210.2068,1.756079053,804.3610354
122,243.4554426,10.83173381,496072.5874,1.753465239,805.9299579
122.1,243.8725065,10.83170144,497353.8544,1.752594004,807.4247842
122.2,243.9896062,10.83169181,498216.8933,1.753465307,809.0775906
122.3,244.5936284,10.83164527,498278.0716,1.756514888,810.556081
122.4,244.4855472,10.8316527,498368.3979,1.759128737,811.8711306
122.5,244.9998294,10.83161297,498541.4025,1.762613951,813.7625417
122.6,244.994783,10.83161259,498659.2903,1.76479217,814.9893457
122.7,245.6046217,10.83156561,498533.8278,1.767841752,816.2357658
122.8,245.5788022,10.83156681,497688.451,1.77394076,817.912541
122.9,246.054031,10.83153003,496852.6076,1.778732901,819.0118721
123,245.9816796,10.83153476,496007.024,1.783524973,820.0828718
123.1,246.2940469,10.83151032,495990.0784,1.785703232,821.1930925
123.2,246.4892536,10.83149477,496716.0208,1.786138901,822.6694037
123.3,246.3994528,10.83150082,498156.602,1.784396316,824.2066984
123.4,246.6270657,10.83148281,500209.2526,1.781782485,826.2473795
123.5,247.0765358,10.83144798,502021.111,1.778733037,827.6670288
123.6,246.8895166,10.8314614,503934.5737,1.775683509,829.1792781
123.7,247.1154676,10.83144351,507096.252,1.770455815,831.515201
123.8,247.3422496,10.83142556,509800.028,1.76522812,833.1146281
123.9,247.4718132,10.83141499,512781.4638,1.75956477,834.8480455
124,247.4011236,10.83141958,515345.6809,1.755208326,836.5466058
124.1,247.6511715,10.83139987,517722.9229,1.752594496,838.7594153
124.2,247.7458363,10.83139194,518722.0893,1.751723221,839.8108116
124.3,247.7399589,10.83139162,520805.8767,1.750416291,842.2741987
124.4,247.8321309,10.83138388,521701.3352,1.750851947,843.7951733
124.5,247.9542162,10.83137387,522280.5788,1.752158895,845.2638393
124.6,248.0862726,10.8313631,522610.0497,1.753901487,846.6170316
124.7,248.1576714,10.83135693,522978.4619,1.756951003,848.7285082
124.8,248.0894746,10.83136133,522408.2556,1.761307432,849.9945333
124.9,247.9797316,10.83136889,521183.4614,1.767406432,851.1374224
125,248.2164847,10.83135019,520375.574,1.772198543,852.311938
125.1,248.3477101,10.83133948,520102.5965,1.776554998,854.1063681
125.2,248.250431,10.8313461,519756.813,1.779168849,854.8897358
125.3,248.745602,10.83130781,518313.8548,1.787010499,856.6144498
125.4,248.7430484,10.83130724,517011.3335,1.793109512,857.616816
125.5,248.7620989,10.83130504,515948.1706,1.79833724,858.559239
125.6,249.0578478,10.83128186,515028.7963,1.804436291,860.0497162
125.7,249.0503086,10.83128168,514359.7568,1.808792728,861.0433495
125.8,249.1059198,10.8312767,514099.5958,1.811842243,862.0119396
125.9,249.1249703,10.8312745,514866.8669,1.813149178,863.714843
126,249.3409502,10.83125737,514793.7206,1.815763069,864.6845317
126.1,249.457219,10.8312478,514395.9111,1.819248235,865.5888271
126.2,249.6657207,10.83123124,514018.4242,1.823169057,866.6358704
126.3,249.4712231,10.83124522,514919.9808,1.823169033,867.892066
126.4,249.3382141,10.83125454,514961.1002,1.825347236,868.9020498
126.5,249.7469689,10.8312228,515008.4389,1.828396804,870.3391309
126.6,249.9288809,10.83120825,514425.0105,1.83231761,871.2129398
126.7,249.8756408,10.83121153,514098.9807,1.83536712,872.1085113
126.8,250.0093591,10.83120063,514058.2518,1.837545346,873.0378816
126.9,249.7758081,10.83121757,513259.0668,1.842773054,874.2363368
127,249.9460871,10.83120391,513248.2557,1.844515639,875.0872616
127.1,249.9427025,10.8312034,513965.4116,1.844080016,876.1059542
127.2,250.2633792,10.83117834,513869.9118,1.846258255,877.1497246
127.3,250.2882462,10.8311757,513192.6848,1.850179073,878.0322341
127.4,250.2042618,10.8311813,513464.9664,1.851050336,878.8962171
127.5,250.3088977,10.83117261,514210.5316,1.851486001,880.3136787
127.6,250.2099566,10.83117935,515020.0403,1.850614702,881.2691893
127.7,250.253104,10.83117532,515585.5456,1.850614718,882.2344975
127.8,250.5048137,10.83115548,515772.5275,1.85235731,883.5255852
127.9,250.5504539,10.83115126,515149.6847,1.855842486,884.2828012
128,250.5304508,10.83115202,514502.0845,1.859327615,884.9659274
128.1,250.6242846,10.83114415,513321.0113,1.864555369,885.5782398
128.2,250.9316665,10.83112009,512635.3243,1.868476191,886.2777228
128.3,250.7438163,10.83113357,512423.8135,1.871961326,887.4543847
128.4,250.6955618,10.83113646,511630.2343,1.875882106,888.0165811
128.5,250.7985358,10.8311279,510305.51,1.881545509,888.4992416
128.6,250.7344937,10.83113199,509548.4385,1.885466275,889.0461763
128.7,250.8599027,10.83112173,508389.9537,1.891129684,889.7881426
128.8,250.7875513,10.83112645,507876.09,1.894179165,890.3198237
128.9,250.8090946,10.83112406,508877.2031,1.892436609,891.0683226
129,251.0043014,10.8311085,509820.6529,1.89156534,892.1317059
129.1,250.8920655,10.83111625,510790.0054,1.889822751,892.898708
129.2,251.0590209,10.83110284,511902.3197,1.887644551,893.8226313
129.3,251.0398487,10.83110353,512716.9505,1.886337629,894.7541671
129.4,251.0123673,10.83110485,513763.795,1.884159397,895.5821986
129.5,250.8519378,10.83111625,516097.8877,1.878496013,896.9745935
129.6,251.1335609,10.83109415,517462.5674,1.875446545,897.9017879
129.7,251.3229513,10.83107903,518873.5597,1.872397065,898.8899842
129.8,251.3237214,10.83107822,519553.6014,1.871525778,899.7278265
129.9,251.3917965,10.8310723,519103.3156,1.874575295,900.7639557
130,251.2695895,10.8310808,519083.3042,1.875882212,901.5113589
130.1,251.524623,10.83106071,518824.8952,1.878060466,902.1563585
130.2,251.2478638,10.83108092,518014.2686,1.882416869,902.7893655
130.3,251.5660477,10.83105605,517321.2077,1.88677335,903.437634
130.4,251.4155892,10.83106669,515794.2355,1.894179276,904.0782715
130.5,251.364011,10.83106984,514847.7386,1.898971353,904.4977243
130.6,251.5467539,10.83105523,513956.39,1.903327817,904.8768938
130.7,251.66053,10.83104585,513044.6234,1.907684271,905.2288015
130.8,251.8017266,10.83103439,511519.0627,1.914654593,905.6875062
130.9,251.6579156,10.83104453,510982.1426,1.917704082,906.0709999
131,251.7667061,10.83103552,510541.033,1.920317961,906.4305552
131.1,251.8663564,10.83102721,510787.8727,1.921189263,907.1300187
131.152,251.9616819,10.83101959,511425.5298,1.919882345,907.5233473
131.8,251.7760843,10.77419624,1.7977E+308,1.93382293,0
131.9,251.8677199,10.72006237,1.7977E+308,1.959961572,0
132,251.8264072,10.66593856,1.7977E+308,1.953426909,0
132.1,251.6521464,10.61182483,1.7977E+308,1.935129845,0
132.2,251.4546196,10.55771287,1.7977E+308,1.895486231,0
132.3,251.6542756,10.5035708,1.7977E+308,1.840595137,0
132.4,251.4226808,10.44946142,1.7977E+308,1.756515851,0
132.5,251.4204217,10.39533465,1.7977E+308,1.669387089,0
132.6,251.2428371,10.34122118,1.7977E+308,1.550020665,0
132.7,251.2023554,10.28709731,1.7977E+308,1.414099793,0
132.8,251.0023359,10.23298553,1.7977E+308,1.231565021,0
132.9,250.7798813,10.17887546,1.7977E+308,1.006337161,0
133,250.780115,10.1247485,1.7977E+308,0.811168742,0
133.1,250.8185712,10.07061865,1.7977E+308,0.662614211,0
133.2,250.5354591,10.01651317,1.7977E+308,0.506653722,0
133.3,250.2540088,9.962407567,1.7977E+308,0.382495236,0
133.4,250.40464,9.908269217,1.7977E+308,0.262257556,0
133.5,250.2760802,9.854152024,1.7977E+308,0.17643573,0
133.6,249.9223393,9.800051897,1.7977E+308,0.09366341,0
133.7,249.9674429,9.745921544,1.7977E+308,0.036158433,0
133.8,249.8239264,9.691805485,1.7977E+308,0.025267338,0
133.9,249.678748,9.637689552,1.7977E+308,0.025267338,0
134,249.4845449,9.583577335,1.7977E+308,0.024831694,0
134.1,249.2271915,9.529469903,1.7977E+308,0.023960406,0
134.2,249.3520641,9.475333504,1.7977E+308,0.025267337,0
134.3,249.2010692,9.421218012,1.7977E+308,0.026574268,0
134.4,249.3691499,9.367078339,1.7977E+308,0.032237638,0
134.5,248.8184796,9.312993136,1.7977E+308,0.037029717,0
134.6,248.8959894,9.258860327,1.7977E+308,0.041386155,0
134.7,249.0491134,9.204721788,1.7977E+308,0.044000018,0
134.8,248.8333063,9.150611207,1.7977E+308,0.044871305,0
134.9,248.6590455,9.096497478,1.7977E+308,0.044000017,0
135,248.436591,9.042387402,1.7977E+308,0.041821797,0
135.1,248.3030455,8.988270587,1.7977E+308,0.039207935,0
135.2,248.1911042,8.934152136,1.7977E+308,0.034851497,0
135.3,248.2735995,8.880018949,1.7977E+308,0.028752485,0
135.4,248.2796497,8.825891555,1.7977E+308,0.021346542,0
135.5,247.9616387,8.77178872,1.7977E+308,0.013069311,0
135.6,247.6685554,8.717683996,1.7977E+308,0.00827723,0
135.7,247.658818,8.663557799,1.7977E+308,0.003049506,0
135.8,247.6150126,8.609434184,1.7977E+308,0.001306931,0
135.9,247.4424136,8.555320329,1.7977E+308,0.005663368,0
136,247.1376975,8.501216486,1.7977E+308,0.009584161,0
136.1,247.1105106,8.447091612,1.7977E+308,0.013940598,0
136.2,247.1564451,8.392961195,1.7977E+308,0.014811885,0
136.3,247.0379424,8.338301979,1.7977E+308,0.014376241,0
136.4,246.8386678,8.284731408,1.7977E+308,0.012633667,0
136.5,246.8098191,8.230606659,1.7977E+308,0.011326735,0
136.6,246.3987444,8.176510877,1.7977E+308,0.012198022,0
136.7,246.320871,8.122389843,1.7977E+308,0.013940597,0
136.8,246.4224776,8.068255208,1.7977E+308,0.013940597,0
136.9,246.2556952,8.014140912,1.7977E+308,0.013940597,0
137,246.3016298,7.960010496,1.7977E+308,0.014376241,0
137.1,245.8735211,7.905916005,1.7977E+308,0.014811884,0
137.2,245.9680649,7.851781905,1.7977E+308,0.014594062,0
137.3,245.8910224,7.797660808,1.7977E+308,0.013722775,0
137.4,245.8762994,7.743534989,1.7977E+308,0.011108913,0
137.5,245.6717098,7.689423558,1.7977E+308,0.010455447,0
137.6,245.6515858,7.635298148,1.7977E+308,0.011326735,0
137.7,245.5242724,7.581180861,1.7977E+308,0.01437624,0
137.8,245.4002826,7.527063323,1.7977E+308,0.017861389,0
137.9,245.2505341,7.472947736,1.7977E+308,0.021346538,0
138,244.9911035,7.418840462,1.7977E+308,0.024831686,0
138.1,245.0270669,7.364710801,1.7977E+308,0.028316835,0
138.2,244.904739,7.310593137,1.7977E+308,0.028752479,0
138.3,244.7030577,7.256481486,1.7977E+308,0.028316835,0
138.4,244.6035803,7.202362089,1.7977E+308,0.024396042,0
138.5,244.6906457,7.148228556,1.7977E+308,0.02047525,0
138.6,244.2700154,7.094133498,1.7977E+308,0.013940595,0
138.7,244.1667988,7.040014385,1.7977E+308,0.008277228,0
138.8,243.9381124,6.985904781,1.7977E+308,0.010019802,0
138.9,243.6861601,6.93179694,1.7977E+308,0.015247525,0
139,243.6398619,6.877673513,1.7977E+308,0.022217822,0
139.1,243.6051967,6.823549205,1.7977E+308,0.026356436,0
139.2,243.4210509,6.768894964,1.7977E+308,0.02809901,0
139.3,243.1749151,6.714786682,1.7977E+308,0.026574257,0
139.4,243.2013229,6.660657745,1.7977E+308,0.025267327,0
139.5,243.0992666,6.607079806,1.7977E+308,0.023960396,0
139.6,242.912542,6.552967022,1.7977E+308,0.021346534,0
139.7,242.8787077,6.498842651,1.7977E+308,0.021346534,0
139.8,242.7700901,6.444723947,1.7977E+308,0.021346534,0
139.9,242.5318481,6.390615067,1.7977E+308,0.022217821,0
140,242.6982669,6.33647552,1.7977E+308,0.023524752,0
140.1,242.537301,6.282360784,1.7977E+308,0.024831682,0
140.2,242.2658219,6.228254422,1.7977E+308,0.024831681,0
140.3,242.1572043,6.174135719,1.7977E+308,0.023089107,0
140.4,241.8267296,6.120033828,1.7977E+308,0.02221782,0
140.5,241.7430397,6.065913236,1.7977E+308,0.019603958,0
140.6,241.8554484,6.011777782,1.7977E+308,0.020039602,0
140.7,241.5690127,5.957672554,1.7977E+308,0.016990097,0
140.8,241.4936321,5.903551331,1.7977E+308,0.013504949,0
140.9,241.7215394,5.849407125,1.7977E+308,0.012198019,0
141,241.4143305,5.795303471,1.7977E+308,0.011326731,0
141.1,241.2724759,5.741187286,1.7977E+308,0.010019801,0
141.2,241.2004191,5.687065812,1.7977E+308,0.00871287,0
141.3,241.3576977,5.632926958,1.7977E+308,0.009584157,0
141.4,241.026392,5.57882513,1.7977E+308,0.010891087,0
141.5,240.8961703,5.524708064,1.7977E+308,0.013069305,0
141.6,240.8897566,5.470581615,1.7977E+308,0.016554453,0
141.7,240.7171577,5.41646776,1.7977E+308,0.019168313,0
141.8,240.6193422,5.362348238,1.7977E+308,0.020910887,0
141.9,240.3320756,5.308243073,1.7977E+308,0.023089104,0
142,240.2658352,5.254121158,1.7977E+308,0.027009895,0
142.1,240.2552668,5.199995023,1.7977E+308,0.029623756,0
142.2,239.9995754,5.145887466,1.7977E+308,0.030930686,0
142.3,239.7804447,5.091777137,1.7977E+308,0.031366329,0
142.4,239.6294499,5.037661645,1.7977E+308,0.033108903,0
142.5,239.7451822,4.983525939,1.7977E+308,0.034415833,0
142.6,239.5692597,4.929412336,1.7977E+308,0.033980189,0
142.7,239.3808732,4.875299678,1.7977E+308,0.033544545,0
142.8,239.5871764,4.821157108,1.7977E+308,0.034851476,0
142.9,239.1985369,4.767059626,1.7977E+308,0.034851475,0
143,239.2220365,4.71293091,1.7977E+308,0.034415832,0
143.1,238.8982092,4.658828516,1.7977E+308,0.032673257,0
143.2,238.6990208,4.604716676,1.7977E+308,0.028752466,0
143.3,238.6585391,4.550592809,1.7977E+308,0.026574249,0
143.4,238.5391195,4.496474924,1.7977E+308,0.023524745,0
143.5,238.2834281,4.442367366,1.7977E+308,0.021346527,0
143.6,238.2437773,4.388243436,1.7977E+308,0.01916831,0
143.7,238.0670239,4.334129896,1.7977E+308,0.016990093,0
143.8,238.0356824,4.280005336,1.7977E+308,0.015247519,0
143.9,238.2694061,4.225860688,1.7977E+308,0.013504946,0
144,237.8284183,4.171767173,1.7977E+308,0.014811876,0
144.1,237.3591791,4.117675799,1.7977E+308,0.016118805,0
144.2,237.5089793,4.063537511,1.7977E+308,0.020475239,0
144.3,237.1884758,4.009434865,1.7977E+308,0.023089099,0
144.4,237.2593381,3.95530256,1.7977E+308,0.026138603,0
144.5,237.3119201,3.90117164,1.7977E+308,0.031366324,0
144.6,236.7487863,3.847087381,1.7977E+308,0.036594043,0
144.7,236.9850028,3.792942545,1.7977E+308,0.042693051,0
144.8,236.6686539,3.738839584,1.7977E+308,0.050098987,0
144.9,236.5243065,3.684723588,1.7977E+308,0.05706928,0
145,236.5993235,3.630590968,1.7977E+308,0.060554427,0
145.1,236.2713416,3.576488888,1.7977E+308,0.062296999,0
145.2,236.0530419,3.522378497,1.7977E+308,0.060990068,0
145.3,236.1197496,3.468246506,1.7977E+308,0.060554425,0
145.4,236.0377216,3.414125788,1.7977E+308,0.058376208,0
145.5,235.7255274,3.360022512,1.7977E+308,0.056633633,0
145.6,235.6576252,3.305900723,1.7977E+308,0.057069277,0
145.7,235.5157706,3.251784538,1.7977E+308,0.057069276,0
145.8,235.5276372,3.197656704,1.7977E+308,0.055326703,0
145.9,235.193008,3.143555128,1.7977E+308,0.050970268,0
146,235.2588847,3.089423201,1.7977E+308,0.047049479,0
146.1,234.9707873,3.035318099,1.7977E+308,0.045742548,0
146.2,234.8073287,2.981203551,1.7977E+308,0.046178191,0
146.3,235.0094772,2.927061296,1.7977E+308,0.047049478,0
146.4,234.6997757,2.872957832,1.7977E+308,0.047049477,0
146.5,234.5388099,2.818843095,1.7977E+308,0.044435617,0
146.6,234.2199683,2.764740323,1.7977E+308,0.038772253,0
146.7,233.9518131,2.71063371,1.7977E+308,0.033980176,0
146.8,233.9387519,2.656507765,1.7977E+308,0.028752457,0
146.9,233.8816518,2.602385157,1.7977E+308,0.026138597,0
147,233.6990819,2.548272058,1.7977E+308,0.023524737,0
147.1,233.4533617,2.494163744,1.7977E+308,0.01873266,0
147.2,233.6712977,2.440020293,1.7977E+308,0.013069298,0
147.3,233.4737712,2.385908327,1.7977E+308,0.007405936,0
147.4,233.2646117,2.331797243,1.7977E+308,0.003920789,0
147.5,233.0604378,2.277685781,1.7977E+308,0.00130693,0
147.6,232.7956063,2.223578916,1.7977E+308,0.003049503,0
147.7,232.2598933,2.16949258,1.7977E+308,0.002613859,0
147.8,232.5210374,2.115345854,1.7977E+308,0.002178216,0
147.9,232.1947175,2.061243649,1.7977E+308,0.003049503,0
148,232.3461795,2.007105235,1.7977E+308,0.004792076,0
148.1,231.9475692,1.953008508,1.7977E+308,0.007405935,0
148.2,231.8763433,1.898886971,1.7977E+308,0.01089108,0
148.3,231.7835133,1.844767071,1.7977E+308,0.013940583,0
148.4,231.6574464,1.79064969,1.7977E+308,0.015247512,0
148.5,231.46906,1.736537031,1.7977E+308,0.015683155,0
148.6,231.0463528,1.682442131,1.7977E+308,0.015683155,0
148.7,231.0382772,1.628315808,1.7977E+308,0.017861371,0
148.8,230.8881135,1.574200253,1.7977E+308,0.018732657,0
148.9,230.4546043,1.520106171,1.7977E+308,0.018732657,0
149,230.4847512,1.465976951,1.7977E+308,0.018297013,0
149.1,230.08531,1.411880287,1.7977E+308,0.018297013,0
149.2,230.3481159,1.357733435,1.7977E+308,0.015683154,0
149.3,230.0259507,1.303630915,1.7977E+308,0.013940581,0
149.4,229.8491973,1.249517375,1.7977E+308,0.010891079,0
149.5,229.8120394,1.195393256,1.7977E+308,0.007405934,0
149.6,229.4998452,1.141289981,1.7977E+308,0.005227718,0
149.7,229.0322682,1.08719848,1.7977E+308,0.005663361,0
149.7,229.0322681,1.08719848,1.7977E+308,0.005663361,0
224.9,229.1124615,0.984322214,1.7977E+308,0.046178197,0
225,228.874635,0.930213303,1.7977E+308,0.039643546,0
225.1,228.548315,0.876111098,1.7977E+308,0.031366321,0
225.2,228.2249033,0.822008672,1.7977E+308,0.02483167,0
225.3,228.2583739,0.7678792,1.7977E+308,0.016554447,0
225.4,228.3466857,0.713745573,1.7977E+308,0.007405937,0
225.5,227.9451669,0.659649066,1.7977E+308,0.008277223,0
225.6,227.8897286,0.605526333,1.7977E+308,0.01437623,0
225.7,227.6751681,0.551415658,1.7977E+308,0.017425733,0
225.8,227.1087107,0.497331651,1.7977E+308,0.018732662,0
225.9,226.9697644,0.443215246,1.7977E+308,0.018297019,0
226,226.731107,0.389106397,1.7977E+308,0.016118802,0
226.1,226.7325871,0.33497935,1.7977E+308,0.014811872,0
226.2,226.2114152,0.280891912,1.7977E+308,0.014811871,0
226.3,225.9465837,0.226785046,1.7977E+308,0.013069298,0
226.4,225.7021099,0.172676639,1.7977E+308,0.0080594,0
226.5,225.042589,0.118599685,1.7977E+308,0.004574254,0
226.6,224.6194663,0.064504816,1.7977E+308,0.003485146,0
226.7,223.7808811,0.010441432,1.7977E+308,0.006099005,0
226.71,223.6760417,0.005036684,1.7977E+308,0.006099005,0
,,,,,
